chunk_id,text
1,"RATIONALE, OBJECTIVES AND PROCESS OF GUIDELINE DEVELOPMENT"
2,Stroke is a common medical emergency and a leading cause of mortality in Malaysia
3,". In Malaysia, approximately 18% of all stroke are intracerebral haemorrhage (ICH)."" Patients with ICH are often management by a multidisciplinary team consisting of internists, acute internal medicine physicians, emergency physicians, neurologists, neurosurgeons, neuroradiologists, intensivists, geriatricians, primary care physicians, rehab physicians, pharmacists, nurses, physiotherapists, occupational therapists, and speech therapists"
4,". Therefore, there is a need to have a standardised clinical practice guideline to inform evidence-based treatment across multiple specialties."
5,"This is the first national clinical practice guideline of Malaysia recommending management of spontaneous intracerebral haemorrhage. This CPG has been prepared by a panel of committee members from the Malaysia Stroke Council (MSC), the Ministry of Health (MOH) and the Ministry of Higher Education (MOHE)"
6,". The committee members were multidisciplinary and comprised of internists, acute internal medicine physicians, emergency physicians, neurologists, neurosurgeons, neuroradiologists, intensivists, geriatricians, primary care physicians, rehab physicians, pharmacists and speech therapists. The external reviewers included were also consultants from multidisciplinary branches of medicine."
7,"The objective of the CPG is to provide evidence-based recommendations on the management of spontaneous intracerebral haemorrhage in following aspects:

a) Diagnosis and prognostication

b) Acute medical management

c) Acute surgical management

d) Rehabilitation

e) Secondary prevention

The goal of this CPG is to improve the implementation of evidence-based management and avoidance of harmful or unbeneficial treatment, and with it, improvement in patients' outcome.

Target Users"
8,"Target Users

This document is intended to guide healthcare professionals and relevant stakeholders involved in the management of ICH. This includes:

| healthcare professionals (doctors, pharmacists, allied health professionals)

ii professional organisations

ii policy makers

iv patients and NGOs

Target Population

Inclusion Criteria

e Spontaneous Intracerebral Haemorrhage, which includes intraparenchymal haemorrhage with or without intraventricular extension."
9,"The following topics are covered by separate guidelines, and hence, have been excluded:

3 Ischaemic stroke

Other types of intracranial haemorrhage- subdural haemorrhage, extradural haemorrhage, subarachnoid haemorrhage

Traumatic brain injury including traumatic intracerebral haemorrhage

Process"
10,"Traumatic brain injury including traumatic intracerebral haemorrhage

Process

The current CPG is the initiative of the Malaysia Stroke Council (MSC) of the Malaysia Society of Neurosciences (MSN). The CPG is developed by a multidisciplinary Development Group (DG) consisting of healthcare providers from the Ministry of Health and Ministry of Higher Education using an evidence-based approach with guidance from Malaysian Health Technology Assessment Section (MaHTAS), Ministry of Health."
11,"Twenty-nine clinical questions were formulated using the PICO (population, intervention, comparator, outcomes) format for the CPG (Appendix 1-Clinical questions). Evidence for each question were searched from scientific databases and grey literature using pre-determined search terms. We searched MEDLINE and Cochrane database for articles published in English or Malay language from year 2000 onwards till 12"" September 2023 (see Appendix 2-Example of search strategy)"
12,". The details of the search strategy can be obtained upon request from the CPG Secretariat. Literature searches were repeated for all clinical questions at the end of the CPG development process allowing any relevant papers published before 30 September 2024 to be included. We included human studies only that involved adults > 18 years. We excluded case reports, case series, editorial, commentaries and studies published as abstracts only."
13,"In addition, we also referred to other guidelines on spontaneous intracerebral haemorrhage including:

e American Heart Association/American Stroke Association Guideline for the Management of Patients With Spontaneous Intracerebral Haemorrhage (2022)

e European Stroke Organisation (ESO) and European Association of Neurosurgical Societies (EANS) guideline on stroke due to spontaneous intracerebral haemorrhage (2025)"
14,These guidelines were evaluated using the Appraisal of Guidelines for Research and Evaluation (AGREE) Il prior to them being used as references.
15,"DG members met for a total of 28 times. All literature retrieved were appraised by at least two DG members using Critical Appraisal Skill Programme (CASP) checklist, presented in evidence tables and further discussed in each DG meetings. A consensus was made following the review of the evidence. Where evidence was ambiguous or of lower quality, the DG reached consensus through structured discussion and voting, with justification recorded in evidence tables"
16,". For conflicting studies, preference was given to higher-quality or locally applicable evidence. The strength of recommendations reflects both the certainty of evidence and contextual feasibility within Malaysian healthcare settings. The CPG were drafted by the Development Group. Local practicalities and principles of GRADE were taken into consideration in formulating the recommendations. Relevant algorithms were developed in the CPG"
17,. Relevant algorithms were developed in the CPG. This is important as it can be used in the management of ICH by healthcare providers. The CPG drafts were reviewed by External Reviewers and Technical Advisory Committee.
18,"The following summarises the process of CPG development and updates.

Feedbacks from External Reviewers were be addressed by the Development Group.

b Evaluation of CPG by TAC CPG

b Evaluation of CPG by TAC CPG

The CPG draft was reviewed by the Technical Advisory Committee (TAC) using the AGREE Il instrument.

A presentation of the CPG was done to the HTA & CPG Council for approval."
19,"A presentation of the CPG was done to the HTA & CPG Council for approval.

Implementation strategies will include a Quick reference and Training Module for healthcare providers and others as required.

Audit

An audit will be carried out on the implementation and impact of the guideline.

The CPG will be updated in @ minimum of 4 years or when new important evidence becomes available.

LEVELS OF EVIDENCE"
20,"LEVELS OF EVIDENCE

Regarding 'LEVELS OF EVIDENCE', for '', the 'Study design' is defined as: Evidence from at least one properly randomised controlled trial.

Regarding 'LEVELS OF EVIDENCE', for '1', the 'Study design' is defined as: Evidence obtained from well-designed controlled trials without randomisation."
21,"Regarding 'LEVELS OF EVIDENCE', for '1-2', the 'Study design' is defined as: Evidence obtained from well-designed cohort or case-control analytic studies, preferably from more than one centre or group."
22,"Regarding 'LEVELS OF EVIDENCE', for 'II-3', the 'Study design' is defined as: Evidence from multiple time series with or without intervention. Dramatic results in uncontrolled experiments (such as the results of the introduction of penicillin treatment in the 1940s) could also be regarded as this type of evidence."
23,"Regarding 'LEVELS OF EVIDENCE', for 'II', the 'Study design' is defined as: Opinions of respected authorities based on clinical experience; descriptive studies and case reports; or reports of expert committees.

FORMULATION OF RECOMMENDATION"
24,"FORMULATION OF RECOMMENDATION

In line with new development in CPG methodology, the CPG Unit of MaHTAS is in the process of adapting Grading Recommendations, Assessment, Development and Evaluation (GRADE) in its work process. The quality of each retrieved evidence and its effect size are carefully assessed/reviewed by the CPG Development Group. In formulating the recommendations, overall balances of the following aspects are considered in determining the strength of the recommendations: -"
25,"« overall quality of evidence

* balance of benefits versus harms

« values and preferences

resource implications

equity, feasibility and acceptability

The more criteria being fulfilled, the more certain is the evidence leading to strong recommendations the word ""should"" considered. Otherwise, weak using being recommendations use the word ""may"" in proposing an action to be made."
26,"In the CPG, a yellow [ box highlights important message(s) in the management while a blue box contains evidence-based recommendation(s) for the particular condition.

KEY RECOMMENDATIONS

The following recommendations are highlighted by the CPG Development Group as the key recommendations that answer the main questions addressed in the CPG and should be prioritised for implementation.

Diagnosis"
27,"Diagnosis

Computed tomography scan or magnetic resonance imaging should be used to confirm diagnosis of intracerebral haemorrhage (ICH).

ICH patients with the following features should undergo vascular imaging (CT angiography/MR angiography) and/or MRI to look for macrovascular causes of ICH:

o Lobar or posterior fossa ICH

Age<45 years

Absence of cerebral small vessel disease

Non-hypertensive

Presence of subarachnoid haemorrhage

Medical management"
28,"Non-hypertensive

Presence of subarachnoid haemorrhage

Medical management

] Care bundle, to be achieved within one hour of treatment initiation and consisting of the following, should be offered to patients with acute intracerebral haemorrhage (ICH):

o Intensive blood pressure reduction to target systolic blood pressure of 130 - 140 mmHg

o treating pyrexia to achieve a body temperature of <37.5°C"
29,"o treating pyrexia to achieve a body temperature of <37.5°C

o glycaemic control with a target of 6.1 - 7.8 mmol/L (non-diabetic) and 7.8 - 10.0 mmol/L (diabetic)

o reversal of abnormal anticoagulation in those taking warfarin using prothrombin complex concentrates or fresh frozen plasma to reach an INR of <1.5.

Patients with ICH should be admitted to an organised stroke unit staffed by a multidisciplinary team."
30,"Early Do Not Attempt Resuscitation (DNAR) decision should be avoided in the first 48 hours in patients with acute intracerebral haemorrhage who do not have pre-existing DNAR status.

Prophylactic antiseizure medications should not be given in patients with spontaneous intracerebral haemorrhage without seizures.

In patients with early clinical seizures, antiseizure medications should be considered."
31,"In patients with early clinical seizures, antiseizure medications should be considered.

Venous thromboembolism (VTE) prophylaxis may be initiated in non-ambulatory patient with spontaneous intracerebral haemorrhage:

o intermittent pneumatic compression on the day of diagnosis

o heparin prophylaxis after 24 hours of admission

Graduated compression/thromboembolic deterrent (TED) stockings alone should not be prescribed for VTE prophylaxis."
32,"Swallowing assessments should be performed for patients with intracerebral haemorrhage using standardised protocols

Neurosurgical management

In view of potential benefit of specific neurosurgical intervention, patients with the following should be referred to the neurosurgical service for assessment and management:

o Large and/or expanding supratentorial intracerebral haemorrhage (ICH) (>20 ml volume)

Any intraventricular extension

Posterior fossa ICH irrespective of volume"
33,"Any intraventricular extension

Posterior fossa ICH irrespective of volume

Deteriorating consciousness level and/or signs of raised intracranial pressure

Suspicion of a vascular malformation, independent of volume or location

In patients with severe and large supratentorial deep intracerebral haemorrhage decompressive craniectomy may be considered."
34,"Haematoma evacuation for deep supratentorial intracerebral haemorrhage using open craniotomy may be considered for patients who are deteriorating as a life-saving measure.

Minimally invasive surgery may be considered for patients with lobar intracerebral haemorrhage with a volume of 30 to 80mL within 24 hours of symptoms onset.

In patients with cerebellar intracerebral haemorrhage with a volume of 215mL, haematoma evacuation with or without external ventricular drain should be considered."
35,"In patients with intracerebral haemorrhage complicated with intraventricular haemorrhage external ventricular drain should be offered. In addition, and hydrocephalus, intraventricular fibrinolysis with alteplase or neuroendoscopy may be considered

Intensive care

Intracranial pressure (ICP) monitoring in patients with acute intracerebral haemorrhage should not be routinely performed.

Early tracheostomy in intracerebral haemorrhage should not be routinely performed."
36,"Early tracheostomy in intracerebral haemorrhage should not be routinely performed.

Hyperosmolar therapy should not be routinely administered for cerebral oedema in patients with spontaneous intracerebral haemorrhage.

Rehabilitation

Early initiation of rehabilitation should be offered within 24 - 72 hours of admission for patients with intracerebral haemorrhage (ICH).

o Very early intensive rehabilitation (<24 hours) should be avoided."
37,"o Very early intensive rehabilitation (<24 hours) should be avoided.

Neuropharmacological augmentation may be offered to post-ICH patients during rehabilitation phase.

Oral muscle relaxants such as dantrolene, benzodiazepines, gabapentin, and baclofen may be considered to treat spasticity

Botulinum toxin injection should be considered to treat muscle spasticity after ICH o The optimal timing for treatment is 4 to 12 weeks after stroke"
38,"o The optimal timing for treatment is 4 to 12 weeks after stroke

o The optimal timing for treatment is 4 to 12 weeks after stroke

Transcutaneous Electrical Nerve Stimulation (TENS) should be considered as a adjunctive therapy for muscle spasticity

Secondary prevention

) Long term blood pressure control with a target of <130/80 mmHg should be initiated.

o A combination of angiotensin converting enzyme inhibitor and thiazide diuretic may be considered as antihypertensive agents of choice."
39,"In patients with intracerebral haemorrhage (ICH) and concomitant non-valvular atrial fibrillation, resumption of an oral anti-coagulant (OAC) may be considered.

o Non-vitamin K antagonist OAC is preferred to warfarin.

o Timing of resumption after ICH should be individualised based on patient's bleeding and thrombotic risks, preferably not earlier than two weeks."
40,"In patients with ICH and mechanical heart valve requiring anti-coagulant, the earliest timing for resumption of anti-coagulant should be at least six days after ICH, with vigilant monitoring for both bleeding and thromboembolic complication upon resumption of the therapy.

Statin may be used to reduce cardiovascular risk in patients with intracerebral haemorrhage.

ALGORITHM 1: NEUROIMAGING FOR ICH"
41,"CT=computed tomography; CTA= computed tomography angiography; DSA= digital subtraction ICH=Intracerebral resonance angiography; haemorrhage; MRI/MRA=magnetic imaging/magnetic resonance angiography; PRN= pro re nata (when needed); SAH= subarachnoid haemorrhage *Patients diagnosed with or suspected to have vascular lesions (e.g arteriovenous malformation, intracranial aneurysm, dural arterio-venous fistula etc) on CTA/MRA may undergo DSA for confirmation and intervention."
42,"ALGORITHM 2: NEUROSURGERY FOR ICH

BG= basal ganglia; EVD=external ventricular drainage; GCS= Glasgow Coma Scale; ICH=intracerebral haemorrhage; ICP=intracranial pressure; IVH=intraventricular haemorrhage

GLOSSARY"
43,"AAEDD= average atorvastatin equivalent daily dose ABW-=adjusted body weight ADL= activities of daily living AEs= adverse events AHA= American Heart Association ANNEXA-I= Andexanet for Factor Xa Inhibitor-Associated ICH ARIC= Atherosclerosis Risk in Communities ASA= American Stroke Association ASL= Arterial Spin Labeling ASM= antiseizure medications AVM= arteriovenous malformation BE-FAST= Balance, Eyes, Face, Arm, Speech"
44,", Time BG= basal ganglia BP= blood pressure BTX= Botulinum toxin CAM= Confusion Assessment Method CAM-ICU= Confusion Assessment Method for the Intensive Care Unit CFS= Clinical Frailty Scale Cl= confidence interval CLEAR llI= Clot Lysis: Evaluating Accelerated Resolution of Intraventricular Hemorrhage Phase LI} CLOTS-3=The Clots in Legs Or sTockings after Stroke CPP= cerebral perfusion pressure CT= computed tomography CTA= computed tomography angiography CTV= computed tomography venography dAVF="
45,computed tomography CTA= computed tomography angiography CTV= computed tomography venography dAVF= dural arterio-venous fistula DNAR= Do Not Attempt Resuscitation DSA= Digital Subtraction Angiography DVT= deep vein thrombosis EANS= European Association of Neurosurgical Societies EDH= extradural haemorrhage ENRICH= Early Minimally Invasive Removal of Intracerebral Hemorrhage ERICH= Ethnic/Racial variations of Intracerebral Hemorrhage ESO= European Stroke Organisation EVD= external ventricular
46,variations of Intracerebral Hemorrhage ESO= European Stroke Organisation EVD= external ventricular drainage EVT= endovascular treatment FAST= face
47,", arm, speech, time FEES= Fibreoptic Endoscopic Evaluation of Swallowing FFP= fresh frozen plasma FUNC= Functional Outcome in Patients with Primary Intracerebral Haemorrhage GCS= Glasgow Coma Scale GOS-E= Glasgow Outcome Scale-Extended HU= Hounsfield Unit IBW=ideal body weight ICH= intracerebral haemorrhage ICH-GS= Intracerebral Haemorrhage Grading Scale ICP= intracranial pressure ICU= intensive care unit INCH= INR Normalisation in Patients with Coumarin-related Intracranial Haemorrhages"
48,INTERACT3= The third Intensive Care Bundle with Blood Pressure Reduction in Acute Cerebral Haemorrhage Trial INR= international normalised ratio IPC= intermittent pneumatic compression = intravenous IVH= intraventricular haemorrhage LMWH-= low molecular weight heparin MAS= Modified Ashworth Scale MgSO4= Magnesium Sulphate m-ICH= Modified Intracerebral Haemorrhage Mins= minutes MISTIE Il= Minimally Invasive Surgery Plus Alteplase for Intracerebral Hemorrhage Evacuation MRA= magnetic resonance
49,Invasive Surgery Plus Alteplase for Intracerebral Hemorrhage Evacuation MRA= magnetic resonance angiography MRI= magnetic resonance imaging mRS= modified Rankin Scale NIHSS= National Institutes of Health Stroke Scale NOAC= non-vitamin K oral anticoagulant NP=nasal prong NRHFM=non-rebreathing high flow mask NS= non-significant PATCH= Platelet transfusion versus standard care after acute stroke due to spontaneous cerebral haemorrhage associated with antiplatelet therapy PE= pulmonary embolism OR=
50,to spontaneous cerebral haemorrhage associated with antiplatelet therapy PE= pulmonary embolism OR= odds ratio PCC= prothrombin complex concentrate RACECAT= Direct Transfer to an Endovascular Center Compared to Transfer to the Closest Stroke Center in Acute Stroke Patients with Suspected Large Vessel Occlusion RCT= randomised controlled trial RSI= rapid sequence intubation SAE-= serious adverse events SAH= subarachnoid haemorrhage SBP= systolic blood pressure SDH= subdural haemorrhage SMD-=
51,events SAH= subarachnoid haemorrhage SBP= systolic blood pressure SDH= subdural haemorrhage SMD-= standardised mean difference SWITCH= Swiss trial of decompressive craniectomy versus best medical treatment of spontaneous supratentorial intracerebral hemorrhage SYNAPSE-ICU= Intracranial pressure monitoring in patients with acute brain injury in the intensive care unit TBW-=total body weight TED= thromboembolic deterrent TICH-NOAC= Tranexamic Acid for Intracerebral Hemorrhage in Patients on
52,thromboembolic deterrent TICH-NOAC= Tranexamic Acid for Intracerebral Hemorrhage in Patients on Non-Vitamin K Antagonist Oral Anticoagulants TOF= time-of-flight UFH= unfractionated heparin VFSS= Videofluoroscopic Swallow Study VKA=vitamin-K antagonist VTE= Venous thromboembolism
53,"INTRODUCTION

Definitions, terminologies and scope"
54,"Intracranial haemorrhage refers to any accumulation of blood within the cranial vault? and should not be confused with intracerebral haemorrhage. Intracranial haemorrhage comprises of intracerebral haemorrhage (ICH), subdural haemorrhage (SDH), extradural haemorrhage (EDH) and subarachnoid haemorrhage (SAH)3. ICH refers to bleeding within brain parenchyma and may occur with or without intraventricular extension"
55,". Intracerebral bleed is another term synonymous with ICH, but is less often used in medical literature. ICH may occur after trauma or spontaneously. Spontaneous ICH and subarachnoid haemorrhage are two types of haemorrhagic strokes. This guideline covers only stroke caused by spontaneous ICH."
56,"Epidemiology

ICH accounts for 3.4 million of the 12.2 million people worldwide who suffers from a stroke every year.5 Spontaneous intracerebral haemorrhage has a median 30-day mortality rate of 40%.° In addition, between 70 to 80% of patients with intracerebral haemorrhage are dependent at one year after stroke.®"
57,"In Malaysia, there were approximately 48,000 incident stroke in 20195, with 18% of these ICH. ICH affects younger population (mean age 55 years) compared to ischaemic stroke (mean age 63 years)"
58,". The incidence of ICH had been increasing especially amongst people below 65 years."" ICH constitutes significant burden with a one-month mortality rate of 30-38%, higher readmission rate®, with 56.8% of ICH patients being functional dependent at discharge®'® The economic cost of ICH is immense, with an estimated lifetime treatment cost of RM37,757 (USD$8,928) for each ICH patient in Malaysia."
59,DIAGNOSIS OF INTRACEREBRAL HAEMORRHAGE
60,"The symptoms of ICH depend on the location of the haematoma. The common locations of haematoma include basal ganglia (40-60%), thalamus (~30%), lobar/cortical (~20%), brainstem or cerebellum (<10%).'? They are the results of direct damage to the involved region and compression of surrounding tissues. Putaminal haematoma presents as hemiparesis, facial weakness, dysarthria, hemi-sensory loss, gaze palsy and homonymous hemianopia"
61,". Thalamic haematoma causes hemi-sensory loss with expansion of haematoma to midbrain inferiorly causes gaze palsy, cranial nerves palsy and reduced level of consciousness. Cortical haematoma causes hemiparesis, hemi-sensory loss, dysarthria, dysphasia, homonymous hemianopia and other cortical signs depending on cortical area involved. Cerebellar haematoma manifests as ataxia, clumsiness and vertigo. Brainstem haematoma often leads to coma rapidly"
62,". Brainstem haematoma often leads to coma rapidly. In addition, quadriparesis, cranial nerves palsy and gaze palsy may occur with brainstem haematoma. Haematoma at any location can leads to reduced conscious level and coma if it causes raised intracranial pressure, hydrocephalus and cerebral oedema or disrupts the reticular activating system, the pathway responsible for consciousness."
63,"Bleeding into the brain parenchyma per se do not cause headache, as brain tissues are devoid of pain receptors. However, headache occurs in half of patients with intracerebral haemorrhage due to stretching of meningeal pain fibres or irritation caused by blood in the cerebrospinal fluid and ventricles. Vomiting commonly occurs together with headache and may signify raised intracranial pressure"
64,. Vomiting commonly occurs together with headache and may signify raised intracranial pressure. Neck stiffness is uncommon unless there is concurrent subarachnoid haemorrhage or extensive intraventricular haemorrhage. Seizures are more common in lobar/
65,"cortical haemorrhage and occur in 4 to 14% of patients with acute intracerebral haemorrhage. > 17

Several scoring systems were design to discern supratentorial intracerebral haemorrhage from ischaemic stroke on clinical basis including the Siriraj stroke score and Guy's hospital score.81 However, clinical scores are unreliable in the diagnosis of intracerebral haemorrhage.? Neuroimaging should be utilised in all cases.

Neuroimaging

CT and MRI"
66,"In patients presenting with stroke-like symptoms, neuroimaging is essential for distinguishing between ischaemic and haemorrhagic stroke. A computed tomography (CT) scan is regarded as the standard of care for such cases including detection of acute ICH due to its widespread availability in Malaysian hospitals and its practicality as the preferred neuroimaging modality"
67,". With regard to the use of magnetic resonance imaging (MRI), a multicentre, diagnostic study showed that MRI had good accuracy (ranging from 97.6% to 100%) in the detection of ICH.2"" level Il |n a Cochrane systematic review, two moderate quality studies reported high accuracy of MRI in the diagnosis of haemorrhagic stroke (sensitivity ranged from 0.83 to 1.00, while specificity ranged from 0.98 to 1.00).22 evel!"
68,"The American Heart Association/American Stroke Association (AHA/ASA) 2022 Guideline recommends rapid neuroimaging with CT or MRI in patients presenting with stroke-like symptoms to confirm the diagnosis of spontaneous ICH. However, MRI should only be considered in the acute stroke workflow if centres are able to achieve speed and triaging efficiency similar to CT based imaging?* '* "" and availability of resources.

Recommendation 1"
69,"Recommendation 1

e Computed tomography scan or magnetic resonance imaging, depending on availability, should be used to confirm the diagnosis of intracerebral haemorrhage.

Non-Invasive Vascular Imaging"
70,"Non-Invasive Vascular Imaging

ICH may be caused by macrovascular causes e.g. arteriovenous malformation (AVM), intracranial aneurysm, dural arterio-venous fistula (dAVF), cavernoma and cerebral venous thrombosis. However, neuroimaging practice to detect these macrovascular causes varies depending on the availability of resources. Patients with the following features are at increased risk of having a macrovascular cause?:

aged <45 years without hypertension"
71,"aged <45 years without hypertension

ICH in non-classical locations (e.g. lobar ICH, or location outside of basal ganglia or thalamus)

absence of signs of cerebral small vessel disease such as leukoaraiosis

However, the CPG DG opines that patients not fulfilling the above criteria can also be recommended for further imaging based on clinical grounds. Consideration should also be taken into account of the age, haemodynamic status and pre-morbid status."
72,"CT and MRI are widely used options in the investigation of ICH causes. CT angiography (CTA), a suitable first-line investigation, has a modest diagnostic accuracy in detecting underlying macrovascular cause with sensitivity of 74% (95% confidence interval [CI] 62 to 84) and specificity 91% (95% C 86 to 94). Combining CTA with DSA improves detection rates with sensitivity of 100% (95% CI 80 to 100) and specificity 100 (95% CI 96 to 100). Despite having"
73,"low sensitivity, a combination of CTA and MRI/Magnetic Resonance Angiography (MRA) gives a specificity of 94% (95% C 90 to 97).26 level ' MRA using time-of-flight (TOF) or ASL (Arterial Spin Labeling) protocols can visualise the blood vessels without the use of contrast. In addition, MRI may help to establish a non-macrovascular cause of ICH (e.g. cerebral amyloid angiopathy, deep perforating vasculopathy or malignancy).??"
74,"Digital Subtraction Angiography (DSA) remains the gold standard to evaluating for macrovascular cause of ICH but it carries a low risk of neurological complications (1.3 - 1.8%) and permanent neurological deficits (0.2 - 0.3%)."" One advantage of DSA is endovascular intervention may be performed in the same setting. Timely endovascular therapy may prevent rebleeding, improve vasogenic oedema/ mass effect, and restore circulatory integrity"
75,. Table 1 illustrates imaging findings and endovascular management of specific macrovascular causes of ICH.
76,"Dural AVF

Brain Aneurysm

Cerebral Venous Thrombosis

In worsening ICH and clinical deterioration despite anticoagulant, venous mechanical Is thrombectomy a consideration for rescue treatment.3°

(Images courtesy of Yuh Yang Leong, Universiti Kebangsaan Malaysia)"
77,"(Images courtesy of Yuh Yang Leong, Universiti Kebangsaan Malaysia)

Ideally, all patients with ICH should have a vascular imaging to exclude vascular anomalies. However, considering that the majority of patients with ICH would have a normal vascular imaging, and the routine use of vascular imaging would increase clinical burden, the following recommendations are made:

Recommendations 2"
78,"Recommendations 2

Patients who are suitable to undergo vascular imaging should be considered for advanced neuroimaging as the following:

o computed tomography angiography (CTA) preferably within the same admission

o in concomitant subarachnoid haemorrhage, CTA should be done emergently

o if CTA is negative, referral to an interventional neuroradiologist for digital subtraction angiography may be considered"
79,"o magnetic resonance imaging, when available, may be used to detect non- macrovascular causes

o magnetic resonance angiography is an alternative to CTA in patients with renal impairment or contrast allergies.

Refer algorithm 1

Radiological Signs that Predict Haematoma Expansion"
80,"Refer algorithm 1

Radiological Signs that Predict Haematoma Expansion

Haematoma expansion in ICH is linked to poor outcomes.®' Identifying patients at risk of haematoma expansion is important as they may benefit from haemostatic therapies. In resource-limited settings, early recognition of such patients can aid in prognostication and optimal allocation of scarce resources e.g. ICU or high-dependency beds."
81,"Non-contrast CT brain is the primary imaging modality for diagnosing ICH. It can also be used to identify haematoma expansion. Various imaging features on CT have been linked to an elevated risk of haematoma expansion and poor outcomes:32 'evel -2

| heterogeneous density

hypodensities

black hole sign

V. blend sign

V. fluid level

Vi swirl sign

vil irregular shape

viii. island sign"
82,"V. blend sign

V. fluid level

Vi swirl sign

vil irregular shape

viii. island sign

Regarding 'Radiological Signs that Predict Haematoma Expansion', for 'Heterogeneous Density', the 'angiography signs predaicting Definitions' is defined as: | Presence of >3 areas of hypodensity within the main ICH, in contrast to its overall density. Regarding 'Radiological Signs that Predict Haematoma Expansion', for 'Heterogeneous Density', the 'Examp les' is defined as: s."
83,"Regarding 'Radiological Signs that Predict Haematoma Expansion', for 'Black Hole Sign', the 'angiography signs predaicting Definitions' is defined as: A hypodense area within the ICH showing a density difference greater than 28 HU compared with surrounding haemorrhage and not connected to external structures (white arrow).. Regarding 'Radiological Signs that Predict Haematoma Expansion', for 'Black Hole Sign', the 'Examp les' is defined as: K¢."
84,"Regarding 'Radiological Signs that Predict Haematoma Expansion', for 'Blend Sign', the 'angiography signs predaicting Definitions' is defined as: A hypodense region adjacent to a hyperdense region within the ICH, marked by a clear, sharp boundary and a density difference exceeding 18 HU (white arrow).. Regarding 'Radiological Signs that Predict Haematoma Expansion', for 'Blend Sign', the 'Examp les' is defined as: a."
85,"Regarding 'Radiological Signs that Predict Haematoma Expansion', for 'Swirl Sign', the 'A distinct separation within the ICH, where a hypodense region lies above a hyperdense region, separated by a clear straight line (white arrow).' is defined as: An area of hypo- or isodensity, relative to brain parenchyma, that may or may not connect with structures surrounding the ICH (white arrow).."
86,"Regarding 'Radiological Signs that Predict Haematoma Expansion', for 'Irregular Shape', the 'A distinct separation within the ICH, where a hypodense region lies above a hyperdense region, separated by a clear straight line (white arrow).' is defined as: Presence of >2 focal irregularities along the haematoma margin, either in contact or not with the edge of haematoma."
87,"Regarding 'Radiological Signs that Predict Haematoma Expansion', for 'Island Sign', the 'A distinct separation within the ICH, where a hypodense region lies above a hyperdense region, separated by a clear straight line (white arrow).' is defined as: Characterised by > > 3 scattered small o ) ~ haematomas separated from primary ICH or >4 small haematomas, some or all of which may be connected to the main ICH (arrow heads)."
88,"Regarding 'Radiological Signs that Predict Haematoma Expansion', for 'CT angiography spot sign', the 'A distinct separation within the ICH, where a hypodense region lies above a hyperdense region, separated by a clear straight line (white arrow).' is defined as: at least one element with either serpiginous or spot-like appearance, >1.5 mm in diameter (maximal dimension), at least double density (Hounsfield unit) compared to background \ hematoma"
89,", at least double density (Hounsfield unit) compared to background \ hematoma, and located within the margin of the parenchymal hematoma without connection to outside vessels (white arrow).."
90,"(Definition: taken from Morotti et al*? and Ovesen et al.3 Images courtesy of Zhe Kang Law, Universiti Kebangsaan Malaysia)"
91,Another modality commonly used to investigate potential macrovascular causes of ICH is CT angiography (CTA) where spot sign may be observed. The sign is a unifocal or multifocal contrast enhancement observed within an ICH and appears separated from adjacent normal or abnormal blood vessels. The presence of a spot sign on CTA also serves as a predictor for haematoma expansion and is associated with increased risk of death or poor outcomes.3 eve! 2
92,"e Specific signs on non-contrasted CT brain and/or CT angiography are useful to identify patients at risk of haematoma expansion.

PRE-HOSPITAL CARE AND MANAGEMENT IN EMERGENCY DEPARTMENT

Prehospital Care"
93,"According to a study in Malaysia, nearly 30% of patients with suspected acute stroke arrived to emergency department by emergency medical services, thus it is crucial for prehospital care responders as the first point of medical contact to be familiar with standardised stroke assessment tool e.g. FAST (face, arm, speech, time) or BE-FAST (Balance, Eyes, Face, Arm, Speech, Time)"
94,". FAST (face, arm, speech, time) or BE-FAST (Balance, Eyes, Face, Arm, Speech, Time). Airway, breathing and circulation should be rapidly evaluated to identify and treat life-threatening conditions.® As it may be challenging to differentiate between haemorrhagic and ischaemic stroke clinically, patients should be transported to the nearest acute stroke ready hospital with CT scan facility as soon as possible to ensure timely diagnosis and management.3"
95,"Pre-hospital Bypass to Hospital with Neurosurgical Services

As a selected subgroup of patients with ICH may benefit from neurosurgical treatment, the question arises whether these patients are best treated in a tertiary centre with neurosurgical service from the outset. However, as ICH could not be clinically differentiated from ischaemic stroke without neuroimaging, there is no direct evidence comparing management in a hospital with neurosurgical services vs the nearest hospital."
96,"The Direct Transfer to an Endovascular Center Compared to Transfer to the Closest Stroke Center in Acute Stroke Patients with Suspected Large Vessel Occlusion (RACECAT) trial which explored the effect of direct transport to an endovascular treatment (EVT)-capable stroke centre vs nearest local stroke centre provided indirect evidence. In the prespecified ICH subgroup analysis of this trial, direct transfer to an EVT-capable stroke centre resulted in:"
97,"delayed arrival to the hospital (58 mins vs 22 mins)

worse functional outcome at day-90 (odds ratio [OR]=0.47; 95% CI 0.25 to 0.90)

higher mortality (HR=1.76, 95% CI 1.05 to 2.95)

greater risk of adverse events (AEs) (OR=2.77, 95% CI 1.26 to 6.07); these were mainly driven by increased vomiting and pneumonia"
98,Delays in arrival also meant delays in implementing acute treatment e.g. care bundle. Only a minority of the ICH patients require neurosurgery (8.8% in EVT-capable stroke centre vs 3.6% in local stroke centre; NS) and thus direct transfer to EVT-capable stroke centre was not required in most cases.
99,"In local setting, patients with suspected stroke are usually sent to the nearest hospitals with CT scan facility. If ICH is diagnosed, patients are referred to neurosurgical team for further management.

Recommendations 3

) Patients with suspected intracranial haemorrhage should be transported to the nearest stroke ready hospital with computed tomography scan.

o Transfer to a centre with neurosurgical service should be considered when there is an indication for neurosurgery."
100,Management in Emergency Department
101,"All patients arrived in emergency department (ED) will be appropriately triaged to different priority lanes based on Malaysian Triage Scale Protocol. The initial emergency management of ICH include the rapid assessment and stabilisation of the airway, breathing, and circulation. Patient will be sent for brain imaging after stabilisation to establish the diagnosis. Neurological examination should be performed whenever appropriate to allow monitoring of patient's progress"
102,". ICH care bundle will then be initiated in ED within the first hour of diagnosis, which consists of blood pressure reduction, control of body temperature, control of blood sugar, and reversal of anti-coagulation to optimise patients' outcome. (Refer subsection Acute Medical Care for execution of ICH Care Bundle and Appendix 3 for choice of antihypertensive)"
103,"Securing a patent airway is the initial vital step in managing an acute ICH patient with impaired conscious level.® el The goal is to maintain adequate oxygenation and ventilation, to assist cerebral resuscitation and, to prevent aspiration and secondary brain insult. Airway manipulation during intubation can result in physiological changes that may increase intracranial pressure (ICP) and decrease cerebral perfusion pressure (CPP)"
104,". Thus, rapid sequence intubation (RSI) is performed as it offers high-quality intubation condition in the emergency setting with appropriate pre-intubation optimisation. 'eve! !"
105,"Regarding 'Management in Emergency Department', for '', the 'Steps Preparation' is defined as: Prepare patient, equipment and drugs."
106,"Regarding 'Management in Emergency Department', for 'Zero minus 5 mins', the 'Steps Preparation' is defined as: Pre- oxygenation. Regarding 'Management in Emergency Department', for 'Zero minus 5 mins', the 'Drugs' is defined as: 100% oxygen. Regarding 'Management in Emergency Department', for 'Zero minus 5 mins', the 'Dose' is defined as: 15 L via NRHFM + 15 L via NP*"
107,". Regarding 'Management in Emergency Department', for 'Zero minus 5 mins', the 'Remarks' is defined as: Add on NP for obese patients."
108,"Regarding 'Management in Emergency Department', for 'Zero minus 3 mins', the 'Steps Preparation' is defined as: Pre-intubation optimisation (to give fentanyl + + esmolol/ lignocaine). Regarding 'Management in Emergency Department', for 'Zero minus 3 mins', the 'Drugs' is defined as: Fentanyl. Regarding 'Management in Emergency Department', for 'Zero minus 3 mins', the 'Dose' is defined as: 1- 2 pglkg (TBW"
109,". Regarding 'Management in Emergency Department', for 'Zero minus 3 mins', the 'Remarks' is defined as: Attenuate the reflex sympathetic response of laryngoscopy."
110,"Regarding 'Management in Emergency Department', for 'Esmolol', the 'Steps Preparation' is defined as: 0.5 mg/kg over 1 min (IBW*1).

Regarding 'Management in Emergency Department', for 'Lignocaine', the 'Steps Preparation' is defined as: 1.5 mg/kg (ABW®). Regarding 'Management in Emergency Department', for 'Lignocaine', the 'Drugs' is defined as: May cause hypotension, lack of evidence on reflex sympathetic response342."
111,"Regarding 'Management in Emergency Department', for '', the 'Drugs' is defined as: Induction (choose. Regarding 'Management in Emergency Department', for '', the 'Dose' is defined as: either one of the induction. Regarding 'Management in Emergency Department', for '', the 'Remarks' is defined as: agents)."
112,"Regarding 'Management in Emergency Department', for 'Zero', the 'Steps Preparation' is defined as: Paralysis with induction. Regarding 'Management in Emergency Department', for 'Zero', the 'Drugs' is defined as: Etomidate. Regarding 'Management in Emergency Department', for 'Zero', the 'Dose' is defined as: 0.3 mg/kg (ABW0); 0.2 mg/kg if haemo- dynamically unstable®®"
113,". Regarding 'Management in Emergency Department', for 'Zero', the 'Remarks' is defined as: of choice Drug because of haemo- dynamically stable®® Adrenal suppression controversy*?."
114,"Regarding 'Management in Emergency Department', for 'Propofol', the 'Steps Preparation' is defined as: 1.5 mglkg (ABW); reduce to 1/3 or 1/2 if elderly or haemo-. Regarding 'Management in Emergency Department', for 'Propofol', the 'Drugs' is defined as: May cause hypotension Safe to be used in."
115,"Regarding 'Management in Emergency Department', for 'Zero plus 20 - 30 secs', the 'Steps' is defined as: Positioning. Regarding 'Management in Emergency Department', for 'Zero plus 20 - 30 secs', the 'Column 6' is defined as: Bed at sufficient height Sellick manouvre."
116,"Regarding 'Management in Emergency Department', for 'Zero plus 45 - 60 secs', the 'Steps' is defined as: Placement with proof. Regarding 'Management in Emergency Department', for 'Zero plus 45 - 60 secs', the 'Column 6' is defined as: Test the patient's jaw for flaccidity and then intubate."
117,"Regarding 'Management in Emergency Department', for 'Zero plus 2 mins', the 'Steps' is defined as: Post-intubation management. Regarding 'Management in Emergency Department', for 'Zero plus 2 mins', the 'Drugs Midazolam Paralysis (choose Succinylcholine Rocuronium' is defined as: -. Regarding 'Management in Emergency Department', for 'Zero plus 2 mins', the 'Dose' is defined as: -"
118,". Regarding 'Management in Emergency Department', for 'Zero plus 2 mins', the 'Column 6' is defined as: Mechanical ventilation Sedation and analgesia."
119,"All dosages are adapted from Brown CA, Sakles JC, Mick NW, editors. The Walls Manual of Emergency Airway Management. Lippincott Williams & Wilkins; 2018.

*NP=nasal prong: NRHFM=non-rebreathing high flow mask; ABW=adjusted body weight; IBW=ideal body weight; TBW=total body weight

Dosing for obese patients will follow TBW/ABW/IBW (in bracket)

Obesity: Body mass index (BMI) 230 kg/m? (6)0

Recommendation 4"
120,"Obesity: Body mass index (BMI) 230 kg/m? (6)0

Recommendation 4

) Rapid sequence intubation should be performed when intubating patients with intracerebral haemorrhage in acute settings.

ACUTE MEDICAL MANAGEMENT

Blood Pressure Reduction

There are three cardinal features to consider when managing the blood pressure (BP) of a patient presented with acute spontaneous ICH which are:

intensity of initial treatment to achieve specific BP targets"
121,"intensity of initial treatment to achieve specific BP targets

« stability of BP throughout the acute-subacute event

o overall outcomes following treatment"
122,A meta-analysis of four randomised clinical trials (RCTs) showed that the risk of 3-month mortality was NS between patients receiving intensive BP-lowering treatment within 24 hours and guideline BP-lowering treatment. There was also NS difference between the two interventions when analysed according to 3-month mortality or dependency rates (modified Rankin Scale grade 3 - 6)
123,". However, intensive BP reduction was associated with a greater reduction of absolute haematoma growth at 24 hours (standardised mean difference [SMD]= -"
124,"0.110, 95% CI -0.214 to -0.006). In terms of methodology, a low risk of bias was found within the primary studies. There was NS heterogeneity between the effect size.* leve!!"
125,"The above findings were supported by a more recent meta-analysis of six RCTs in terms of mortality or dependency at 90 days. The target SBP in intensive treatment was 110 - 149 mmHg while it was 150 - 179 mmHg in conservative treatment. These were aimed to achieve from 1 - 24 hours but majority of the patients, based on two RCTs, had BP lowering aimed within one hour"
126,". Apart from that, there were NS differences in haematoma growth at 24 hours, neurologic improvement at 24 hours, hypotension at 72 hours and serious adverse events (SAEs) at 90 days between intensive and conservative BP lowering groups"
127,". In subgroup analysis of haematoma growth, significant reduction was seen intensive BP reduction in patients <62 years old (OR=0.66, 95% CI 0.51 to 0.86), time from symptoms onset to treatment <6 hours (OR=0.72, 95% CI 0.51 to 1.01), baseline hematoma volume <15 mL (OR=0.66, 95% CI 0.51 to 0.86) and combined intraventricular haemorrhage (IVH) <25% (OR=0.68, 95% C 0.52 to 0.90) subgroups. Risk of bias was low in the included studies.5 'eve!!"
128,"A post-hoc analysis of Antihypertensive Treatment of Acute Cerebral Hemorrhage-Il trials on ICH patients with initial systolic blood pressure (SBP) of 2220 mmHg, intensive SBP reduction (aiming for SBP of 110 - 139 mmHg) led to risk of neurological deterioration within 24 hours (RR=2.28, 95% CI 1.03 to 5.07) and kidney AE within seven days of discharge (RR=3.22, 95% Cl 1.21 to 8.56). The lowest mean SBP after randomisation was 121 - 127 mmHg in the intensive group"
129,". The lowest mean SBP after randomisation was 121 - 127 mmHg in the intensive group. However, there were NS differences in death or severe disability at 90 days, haematoma expansion, treatment-associated SAEs within 72 hours and kidney SAE within seven days of discharge.*6 eve!!"
130,"Patients with spontaneous ICH in whom acute BP lowering is considered, treatment is initiated within two hours of ICH onset and reaching target within one hour to reduce the risk of haematoma expansion and improve functional outcomes.?

Recommendation 5

e The blood pressure in patients presenting with acute intracerebral haemorrhage should be treated intensively within one hour of presentation with target systolic blood pressure (SBP) of 130 - 140 mmHg."
131,"o More gradual reduction of blood pressure may be aimed for when initial SBP is 2220 mmHg

Refer to Appendix 3 for example for blood pressure lowering protocol

Hyperglycaemia"
132,"Hyperglycaemia had been associated with haematoma expansion, perihaematomal oedema, higher mortality and poor functional outcome*'. Evidence for treating hyperglycaemia is provided by the INTERACT3 trial (The third Intensive Care Bundle with Blood Pressure Reduction in Acute Cerebral Haemorrhage Trial)"
133,". Glycaemic control (targeting blood glucose of <7.8 mmoL in non-diabetic and 10 mmol/L in diabetic) as part of a care bundle which also include early intensive blood pressure lowering, fever control, and anticoagulation reversal- significantly improved functional outcomes (see Care bundle section)*."
134,"Fever

Fever occurs after ICH as a direct sequelae of brain damage and re-setting of thermostat centre in the hypothalamus or infection. Fever is an independent predictor of haematoma expansion, perihaematomal oedema, poor functional outcome and mortality*®. Similar to hyperglycaemia,

evidence for treating pyrexia to achieve a body temperature of <37.5°C is provided by the INTERACTS trial (see Care Bundle section)*®.

Haemostatic Therapies

ICH with concurrent use of anticoagulant"
135,"The use of anticoagulant increases the risk of haematoma expansion, death and disability after ICH®051 With this respect, vitamin-K antagonist (VKA) carries a higher risk of haematoma expansion and worse outcomes compared with non-vitamin K oral anticoagulant (NOAC)%54. In ICH with concurrent use of warfarin, a higher international normalised ratio (INR) is associated with haematoma expansion®. On the other hand, an INR of <1.3 is associated with lower rates of haematoma expansion®"
136,". On the other hand, an INR of <1.3 is associated with lower rates of haematoma expansion®. Bleeding may be prolonged despite reversal of anticoagulation®. Care bundle which includes reversal of INR significantly improves functional outcomes in patients with ICH?*."
137,Reversal of vitamin K antagonist (VKA)
138,"Intravenous (IV) vitamin K, prothrombin complex concentrate (PCC) and fresh frozen plasma (FFP) are several options of haemostatic agents in ICH with concurrent vitamin K antagonist use. In the INR Normalisation in Patients with Coumarin-related Intracranial Haemorrhages (INCH) RCT, 4-factor PCC was more effective in normalising INR to <1.2 within three hours compared with FFP (67% vs 9%, p=0.0003)"
139,". Apart from that, haematoma expansion at three hours was higher with FFP (mean values of 23.7 mL vs 9.7 mL; p=0.023). However, 4-factor PCC was NS compared with FFP in reduction of death and dependency at day 90, and SAE. 5 On the other note, the effect of IV vitamin K takes up to 12 hours to peak and persists till 24 hours.8"
140,"In the AHA/ASA 2022 Guideline, the followings are recommended for patients with VKA- associated spontaneous ICH:%

with INR 22.0, 4-factor PCC is preferred to FFP in achieving rapid correction of INR and limit haematoma expansion

with INR of 1.3 to 1.9, PCC may be used to achieve rapid correction of INR and limit haematoma expansion"
141,"IV vitamin K should be administered directly after coagulation factor replacement (PCC or other) to prevent subsequent increase in INR and subsequent haematoma expansion

In an RCT on care bundle, the INR target is <1.5 within one hour of anticoagulant reversal treatment in those taking warfarin.48. fevel!

Recommendation 6"
142,"Recommendation 6

In patients with intracerebral haemorrhage and concurrent vitamin K antagonist (VKA) use, 4-factor prothrombin complex concentrate (PCC) or fresh frozen plasma (FFP) should be given as soon as possible to reverse antioagulant effect of VKA.

o PCC is the preferred choice.

o An international normalised ratio (INR) of <1.5 should be targeted.

Intravenous vitamin K should be given together with PCC or FFP to sustain the reversal of INR."
143,"Intravenous vitamin K should be given together with PCC or FFP to sustain the reversal of INR.

Refer to Appendix 4 on Administration Protocol of Anticoagulation Reversal.

Reversal of Direct Oral Anticoagulant

Idarucizumab is a human monoclonal antibody fragment which reverses the anticoagulant effect of dabigatran, a direct thrombin inhibitor. In the Reversal Effects of Idarucizumab on Active"
144,"Dabigatran (RE-VERSE AD) prospective cohort study, 5 g of IV idarucizumab completely reversed elevated dilute thrombin time and ecarin clotting time.5960. Level -2 There was no RCT testing the efficacy of idarucizumab."
145,"Andexanet alfa is a reversal agent for Factor Xa inhibitors. In the Andexanet for Factor Xa Inhibitor-Associated ICH (ANNEXA-I) RCT, andexanet alfa was compared with usual care in patients with Factor Xa inhibitor-related ICH. The primary haemostatic efficacy end point after randomisation was defined as a combination of:

a change in the haematoma volume of <20% (excellent haemostatic efficacy) or <35% (good haemostatic efficacy) within 12 hours"
146,"an increase in the National Institutes of Health Stroke Scale (NIHSS) <7 points

no rescue therapies e.g. andexanet, PCC or surgery to decompress the hematoma within 3 - 12 hours"
147,"Andexanet alfa was found to be superior to usual care (of which 86% received PCC) in haemostatic efficacy (67.0% vs 53.1%, p=0.003). However, there was higher risk of thrombotic events with it (10.3% vs 5.6%, p=0.048). A subgroup analysis comparing the dose of andexanet alfa showed that low dose medication (400 mg over 15 to 30 minutes followed by a continuous infusion of 480 mg over two hours) was superior than usual care, whilst high dose (800 mg + continuous infusion of 960 mg) was not.5"
148,"In the Tranexamic Acid for Intracerebral Hemorrhage in Patients on Non-Vitamin K Antagonist Oral Anticoagulants (TICH-NOAC) RCT, IV tranexamic acid at a dose of 1 g over 10 minutes followed by 1 g over 8 hours did not reduce the risk of haematoma expansion or death.?

The AHA/ASA 2022 Guideline recommend the followings as reasonable to be used for patients with direct factor Xa inhibitor-associated spontaneous ICH:

idarucizumab to reverse the anticoagulant effect of dabigatran"
149,"idarucizumab to reverse the anticoagulant effect of dabigatran

andexanet alfa to reverse the anticoagulant effect of factor Xa inhibitors

Recommendation 7

Patients with dabigatran-related intracerebral haemorrhage (ICH) may be considered to receive intravenous (1V) idarucizumab as reversal agent.

Patients with factor Xa inhibitor-related ICH may be considered to receive IV andexanet alfa as a reversal agent, if available."
150,"o 4-factor prothrombin complex concentrate may be considered as an alternative.

Antiplatelet-associated ICH"
151,Approximately 25% of patients with ICH are on antiplatelet treatment at the time of ICH.% Prior antiplatelet use is a known predictor of haematoma expansion.® Platelet transfusion versus standard care after acute stroke due to spontaneous cerebral haemorrhage associated with antiplatelet therapy (PATCH) was a large and multi-centre RCT. It compared platelet transfusion with standard treatment in patients with antiplatelet-related ICH who were not planned for neurosurgery
152,". Majority of the patients (97%) were taking aspirin alone or in combination with other antiplatelet agent. The trial was terminated early as the odds of adverse events, death and dependency were higher in those receiving platelet transfusion (OR=2.05, 95% CI 1.18 to 3.56).6465"
153,"The AHA/ASA 2022 Guideline recommends that for patients with spontaneous ICH being treated with aspirin and not scheduled for emergency surgery, platelet transfusions should not be administered due to its harmful effect.?®

Recommendation 8

« In patient with intracerebral haemorrhage and concurrent use of antiplatelet agent, platelet transfusion should not be used

Care bundle"
154,"Care bundle

e Care bundle refers to initial set of interventions aimed at optimising patients' outcomes. In the context of ICH, it consists of four different parameters

o blood pressure reduction

o control of body temperature

o control of blood sugar

o reversal of anti-coagulation

Most patients with acute ICH present with elevated BP which is associated with increased risk of haematoma expansion, neurological deterioration, death and dependency.-68"
155,"An Intensive Care Bundle with Blood Pressure Reduction in Acute Cerebral Haemorrhage Trial (INTERACT3) was a pragmatic, international, multicentre, blinded endpoint, stepped wedge cluster randomised controlled trial at hospitals in nine low-income and middle-income countries and one high-income country. It compared care bundle and usual care in 7,036 patients with ICH presenting within six hours of onset. In the RCT, components of care bundle were:*8. level!"
156,"i early intensive BP management to achieve a target SBP of <140 mmHg within one hour of the initiation of treatment but not <130 mmHg

II intensive control of elevated blood glucose to achieve a glucose target of 6.1 - 7.8 mmol/L (for patients without diabetes) and 7.8 - 10.0 mmol/L (diabetic patients) as soon as possible after the initiation of treatment

1 treatment of pyrexia to achieve a body temperature of <37.5°C within one hour of initiation"
157,"1 treatment of pyrexia to achieve a body temperature of <37.5°C within one hour of initiation

. reversal of abnormal anticoagulation in those taking warfarin using FFP or PCC to reach an INR of <1.5 within one hour of treatment

The findings were

The findings were

the likelihood of a poor functional outcome at six months was lower in the care bundle group (OR=0.86, 95% CI 0.76 to 0.97)

the care bundle group had fewer serious adverse events (16.0% vs 20.1%; p=0.0098)

Recommendation 9"
158,"Recommendation 9

e Care bundle, to be achieved within one hour of treatment initiation and consisting of the following, should be offered to patients with acute intracerebral haemorrhage

o Intensive blood pressure reduction to target systolic blood pressure of 130 - 140 mmHg

o treating pyrexia to achieve a body temperature of <37.5°C

o glycaemic control with a target of 6.1 - 7.8 mmol/L (non-diabetic) and 7.8 - 10.0 mmol/L (diabetic)"
159,"o reversal of abnormal anticoagulation in those taking warfarin using prothrombin complex concentrates or fresh frozen plasma to reach an INR of <1.5

Admission to an Organised Stroke Unit

An organised stroke unit is a geographically discrete, dedicated area for stroke patients, staffed by a coordinated multidisciplinary team with special expertise in stroke care.®® An organised stroke unit may be a hospital ward by itself, or a part of another ward."
160,"There are three cardinal features to consider when managing ICH with admission to a specialised stroke unit:

multidisciplinary care coordination for comprehensive management

early mobilisation and rehabilitation to optimise functional recovery

systematic monitoring and treatment of secondary complications (e.g. hyperglycaemia, hypoxia, pyrexia)"
161,"A meta-analysis of seven RCTs demonstrated that stroke unit care reduced death or dependency (modified Rankin Scale [mRS] 3 - 6) compared with general ward care for ICH patients (RR=0.79, 95% C 0.61 to 1.00). Mortality reduction was more pronounced in ICH (RR=0.73, 95% CI 0.54 to 0.97) than in ischaemic stroke (RR=0.82, 95% CI 0.61 to 1.09). The methodological quality of the included trials was high.7 eve!!"
162,"In a more recent and large Cochrane network meta-analysis reinforced the above findings. It showed that organised stroke unit reduced poor outcomes (RS 3 - 6) in ICH patients (OR=0.37, 95% CI 0.21 to 0.65). Benefits were consistent across age, sex and stroke severity, with NS increase in hospital length of stay. The greatest benefits were observed in discrete stroke wards with dedicated multidisciplinary teams. Based on GRADE assessment, the outcomes were generally of moderate quality.® e!!"
163,"Recommendation 10

All patients with acute intracerebral haemorrhage should be admitted to an organised stroke unit staffed by a multidisciplinary team.

Prognostic Scores in Predicting Mortality

There are a few validated prognostic scorings that is used widely for the mortality prognostication following the onset of ICH i.e.:

o Intracerebral Hemorrhage (ICH) score

Modified Intracerebral Hemorrhage (m-ICH) score"
164,"o Intracerebral Hemorrhage (ICH) score

Modified Intracerebral Hemorrhage (m-ICH) score

Functional Outcome in Patients with Primary Intracerebral Hemorrhage (FUNC) score

o Intracerebral Haemorrhage Grading Scale (ICH-GS) score"
165,"o Intracerebral Haemorrhage Grading Scale (ICH-GS) score

ICH Score is the earliest score developed in 2001 to predict mortality among patients with ICH. 7 This score has five parameters and provides fast assessment upon the initial onset of ICH. It is also feasible to be used at the emergency department due to its simplicity. ICH volume can be rapidly measured using the ABC/2 method with excellent reliability.""? (Refer to Appendix 5)"
166,"In a meta-analysis, the above four prognostic tools were evaluated and compared. The findings were:73 level lll

e |CH score was the most extensively validated tool for mortality (42 studies)

e CH score showed the highest pooled discrimination for mortality (C-statistic=0.84) while the other scores had a C-statistic of 0.82 each"
167,"There was variable risk of bias of the primary studies and these were mainly related to the lack of blinding, insufficient length of follow-up and sample non-representativeness of the full spectrum of the disease.

In the AHA/ASA 2022 Guideline, the followings are recommended in patients with spontaneous ICH:2

e administering a baseline measure of overall haemorrhage severity is part of initial evaluation to provide an overall measure of clinical severity"
168,"e a baseline severity score might be reasonable to provide a general framework for communication with the patient and their caregivers

a baseline severity score should not be used as the sole basis for forecasting individual prognosis or limiting life-sustaining treatment

Recommendation 11

) Intracerebral Haemorrhage (ICH) score may be used for mortality prognostication in patients with intracerebral haemorrhage."
169,") ICH score should not be used as sole indicator to decide on the direction of care in patients with ICH.

Refer to Appendix 6 for the ICH score.

Avoidance of early Do Not Attempt Resuscitation (DNAR)

Early withdrawal of life-sustaining therapies in ICH patients often leads to in-hospital deaths. Early prognostication in ICH is frequently inaccurate, risking premature withdrawal of care for potentially recoverable patients. These are discussed below."
170,"Evidence on avoidance of early DNAR showed the following:

Early DNAR use within 24 hours was associated with increase in hospital mortality (OR=3.28, 95% CI 2.07 to 5.19).74 evel i

Early care limitations use within 24 hours were associated with doubling 30-day mortality (HR=2.17, 95% CI 1.38 to 3.41).75 level Il2"
171,"Overall mortality at 30 days was 29.8% (95% CI 21.5 to 37.7) less than the ICH Score- predicted mortality in patients with no planned DNAR orders or withdrawal of support for the first five days of hospitalisation.52 leve! -2

DNAR orders within 24 hours were linked to limitations in various treatments, including escalation to critical care (OR=0.07, 95% CI 0.03 to 0.17) and commencement of palliative care within 72 hours (OR=8.76, 95% CI 4.76 to 16.61).76 level"
172,"Based on the AHA/ASA 2022 Guideline, aggressive care, including postponement of new DNAR orders or withdrawal of medical support is recommended until at least the second full day of hospitalisation in patients with spontaneous ICH who do not have pre-existing documented requests for life sustaining therapy limitations.2

Recommendation 12"
173,"Recommendation 12

e Early Do Not Attempt Resuscitation (DNAR) decision should be avoided in the first 48 hours in patients with acute intracerebral haemorrhage who do not have pre-existing DNAR status.

Seizure Prophylaxis"
174,"Seizures is a common complication seen in patients presenting with spontaneous ICH, with cumulative incidence ranging from 1.7 - 31%. Majority of seizures occur during the first 72 hours of presentation and are usually subclinical. Seizures occurring after spontaneous ICH may reduce cerebral blood flow, worsen midline shift and increase metabolic demand in the hypoxic tissues, leading to secondary brain damage"
175,". It is also associated with haematoma expansion, death and disability."" eve! ; 78, level |"
176,"Based on a meta-analysis, the usage of antiseizure medications (ASM) as a primary prophylaxis for seizures in spontaneous ICH was not associated with reduced incidence of poor outcomes during long-term follow-up. There was also no association between prophylactic ASM usage and seizures occurrence during follow-up.8 leve!!"
177,"In a small double-blind RCT on patients with mild to moderate ICH, levetiracetam was effective in preventing early electrographic seizures compared with placebo (OR=0.16, 95% CI 0.03 to 0.94). However, there were NS differences in mean haematoma volume change, midline shift at 72 hours, functional outcomes and quality of life between both groups."" evel!"
178,"Based on the AHA/ASA 2022 Guideline, prophylactic antiseizure medication is not beneficial in patients with spontaneous ICH without clinical evidence of seizures.?®

Recommendation 13

e Prophylactic antiseizure medications should not be given in patients with spontaneous intracerebral haemorrhage without seizures.

In patients with early clinical seizures, antiseizure medications should be considered.

Thromboembolism Prophylaxis"
179,"Thromboembolism Prophylaxis

Venous thromboembolism (VTE), including deep vein thrombosis (DVT) and pulmonary embolism (PE), is a significant cause of morbidity and mortality in patients with acute ICH. Patients with ICH are at increased risk of VTE due to prolonged immobility and systemic inflammatory responses. Balancing the risk of VTE against the risk of haematoma expansion is a critical challenge in the management of these patients."
180,"Recent evidence from clinical trials highlighted the safety and effectiveness of both physical and pharmacological interventions in the prevention of VTE in stroke. Key findings included:

The Clots in Legs Or sTockings after Stroke (CLOTS 3) trial demonstrated that intermittent pneumatic compression (IPC) significantly reduced the risk of DVT in patients with acute stroke, including those with ICH, compared with those not on IPC (absolute risk reduction= -3.6, 95% C -5.8 to -1.4).7%levell"
181,"In a meta-analysis of nine RCTs of mainly moderate quality, there were NS differences in extracranial haematoma enlargement, haemorrhage and death between heparin prophylaxis (low molecular weight heparin [LMWH] or unfractionated heparin [UFH]) and no heparin prophylaxis (physical prevention). In the primary studies, the heparin prophylaxis was initiated between day one to day seven.8 level

The AHA/ASA 2022 Guideline recommends the following for non-ambulatory patients with spontaneous ICH:"
182,"IPC to be started on the day of diagnosis for VTE (DVT and PE) prophylaxis

low-dose UFH or LMWH may be initiated in reducing the risk for PE; prophylaxis at 24 to 48 hours from ICH onset may be reasonable to optimise the benefits of preventing thrombosis relative to the risk of haematoma expansion

graduated compression/ thromboembolic deterrent (TED) stockings of knee-high or thigh-high length alone are not beneficial for VTE prophylaxis"
183,"The CPG DG opines that pharmacological VTE prophylaxis may be initiated after considering individual risk profile post-24 hours of spontaneous ICH onset. Clinical and radiological monitoring for haematoma stability should be considered.

Recommendation 14

The following venous thromboembolism (VTE) prophylaxis may be initiated in non- ambulatory patient with spontaneous intracerebral haemorrhage:

o intermittent pneumatic compression on the day of diagnosis"
184,"o intermittent pneumatic compression on the day of diagnosis

o heparin prophylaxis after 24 hours of admission

Graduated compression/thromboembolic deterrent (TED) stockings alone should not be prescribed for VTE prophylaxis.

Swallowing Assessment"
185,"Dysphagia is a common complication following ICH, affecting 63.6% of patients in the acute phase.! It increases the risk of aspiration pneumonia, malnutrition, and prolonged hospitalization, emphasizing the need for prompt and accurate swallowing assessment to improve outcomes"
186,". Current evidence on Fibreoptic Endoscopic Evaluation of Swallowing (FEES) in stroke patients, lacks specificity to ICH populations.®? Major stroke guidelines also provide general recommendations but lack detailed protocols for dysphagia assessment in ICH.2 This highlights a gap in standardised, ICH-specific swallowing assessment protocols"
187,". The Malaysian Ministry of Health's Standard Operating Procedure (SOP)® offers a structured framework for swallowing disorder assessment and management, promoting standardized care and improved outcomes. This SOP provides clear criteria and procedures for adult swallowing assessment, addressing the need for consistency in dysphagia management. Based on the SOP, the criteria and procedures for swallowing assessment in adults include the following:"
188,"Regarding 'Swallowing Assessment', for 'Risk Indicators', the 'Column 2' is defined as: Coughing/choking during meals. Prolonged meal duration. Difficulty with different food textures. Wet/gurgly voice after swallowing. CC Weight loss or recurrent chest infections. .."
189,"Regarding 'Swallowing Assessment', for 'Initial Screening', the 'Column 2' is defined as: Review patient history. Obtain consent. Conduct Water Swallow Test. Observe for aspiration signs (e.g., cough, wet voice). If risk detected, proceed to detailed assessment. j o o o.

Regarding 'Swallowing Assessment', for 'Clinical Swallowing Examination', the 'Column 2' is defined as: Assess oral motor and cranial nerve function. Observe swallowing with food textures. Conduct bedside meal observation. o."
190,"Regarding 'Swallowing Assessment', for 'Instrumental Assessments', the 'Column 2' is defined as: FEES: Scope via nose to assess pharyngeal phase. e o VFSS: X-ray swallow study to detect aspiration or residue..

Management Documentation

Plan intervention and dietary modifications based on findings.

. Document all findings and outcomes.

Recommendation 15"
191,". Document all findings and outcomes.

Recommendation 15

3 Swallowing assessments should be performed for patients with intracerebral haemorrhage using standardised protocols, such as the Ministry of Health Standard Operating Procedure.

A structured, stepwise approach starting from screening to clinical and instrumental assessments ensures accurate diagnosis and effective management.

NEUROSURGERY"
192,"NEUROSURGERY

The decision to perform neurosurgery is complex and rests with the neurosurgical team in consultation with the patient and their family. A clinical indication for surgery does not invariably lead to an operation as factors such as the patient's or family's consent, operative risk, the perceived neurological prognosis, and prevailing local surgical expertise and protocols needs to be considered

Decompressive craniectomy"
193,"Decompressive craniectomy

Decompressive craniectomy had been shown to reduce mortality in patients with malignant middle cerebral artery infarction by relieving raised intracranial pressure (ICP).8 It is thought that this intervention may have similar mortality benefit in severe ICH."
194,"This issue was explored in a large international Swiss trial of decompressive craniectomy versus best medical treatment of spontaneous supratentorial intracerebral hemorrhage (SWITCH). It compared decompressive craniectomy without evacuation performed within 72 hours of symptoms onset with best medical treatment in patients aged <75 years with deep supratentorial ICH (basal ganglia and thalamus), haematoma volumes of 30 - 100mL, NIHSS of 10 - 30 and GCS of 8 - 13"
195,". Patients in decompressive craniectomy had lower mRS 5 - 6 at 180 days (44% vs 58%; RR= 0.77, 95% CI 0.59 to 1.01). Decompressive craniectomy reduced the risk of MRS 5 - 6 by 13% (95% CI 0 to 26). There was NS difference in serious adverse events. The results provided weak evidence that decompressive craniectomy may be beneficial and harm was unlikely.8®"
196,"The AHA/ASA 2022 ICH guideline states that decompressive craniectomy with or without haematoma evacuation may be considered for patients with large supratentorial ICH, midline shift, comatose or medically intractable raised ICP to reduce mortality.?

Recommendation 16

e In patients with severe and large supratentorial deep intracerebral haemorrhage decompressive craniectomy may be considered.

Haematoma evacuation"
197,"Haematoma evacuation

A meta-analysis of seven RCTs concluded that surgical hematoma evacuation did not significantly improve functional outcome measured by Glasgow Outcome Scale, modified Rankin Scale and Barthel index compared with conservative management in lobar ICH (OR=0.80, 95% Cl 0.62 to 1.04). The analysis noted heterogeneity in surgical methods (endoscopic, stereotactic, craniotomy). Quality assessment showed moderate risk of bias of included studies.8/eve!!"
198,"The large Minimally Invasive Surgery Plus Alteplase for Intracerebral Hemorrhage Evacuation (MISTIE l) RCT compared image-guided catheter-based haematoma evacuation followed by thrombolysis with medical management in patients with supratentorial ICH 230 mL. While the trial failed to meet its primary endpoint (MRS 0 - 3 at 1 year: 45% vs 41%, p=0.33), it demonstrated reduced early mortality (1% vs"
199,". 4% at 7 days, p=0.02) and a dose-dependent relationship where a residual hematoma volume <15 mL correlated with better outcomes.87/eve!!"
200,"The recent and large Early Minimally Invasive Removal of Intracerebral Hemorrhage (ENRICH) RCT compared trans-sulcal parafascicular evacuation to medical management in patients with ICH volumes of 30 - 80 mL within 24 hours of symptoms onset. At 180 days, the surgery group had significantly superior functional outcomes (utility-weighted mRS: 0.458 vs. 0.374) and lower 30-day mortality (9.3% vs. 18.0%)"
201,". 0.374) and lower 30-day mortality (9.3% vs. 18.0%). Subgroup analysis confirmed benefit in lobar haemorrhages (mean mRS difference: 0.127, 95% Credible interval 0.035 to 0.219) but not in deep basal ganglia lesions. Post-operative re-bleeding rates associated with neurologic deterioration were low (3.3%).88/vel"
202,"The AHA/ASA 2022 ICH guideline states that craniotomy for haematoma evacuation may be a life-saving procedure in supratentorial ICH patients who are deteriorating. Minimal invasively surgery using stereotactic/endoscopic techniques with or without thrombolytics can be useful for patients with supratentorial ICH >20 - 30 mL and GCS of 5 - 12.2%

Recommendation 17"
203,"Recommendation 17

Haematoma evacuation for deep supratentorial intracerebral haemorrhage using open craniotomy may be considered for patients who are deteriorating as a life-saving measure.

Minimally invasive surgery may be considered for patients with lobar intracerebral haemorrhage with a volume of 30 to 80mL within 24 hours of symptoms onset.

Posterior Fossa ICH"
204,"Posterior Fossa ICH

e The posterior fossa is a narrow, confined space containing the brainstem and cerebellum. Cerebellar haemorrhage may cause compression on the fourth ventricle resulting in obstructive hydrocephalus and on the brainstem causing herniation syndrome."
205,"There is no RCT comparing haematoma evacuation with conservative management in cerebellar ICH. A large individual patient data meta-analysis of observational studies found that haematoma evacuation with or without EVD in patients cerebellar ICH:

improved survival (74.5% vs 45.1%) in those with ICH volume 215mL

lowered likelihood of good functional outcome (30.6% vs 62.3%) in those with ICH volumes12mL8evel 12"
206,"The AHA/ASA 2022 Guideline and European Stroke Organisation (ESO) and European Association of Neurosurgical Societies (EANS) 2025 guideline both recommended haematoma evacuation in patients with cerebellar ICH with volume of 215mL as a life-saving treatment. 2

Recommendation 18

In patients with cerebellar intracerebral haemorrhage with a volume of 215mL, haematoma evacuation with or without external ventricular drain should be considered.

Intraventricular haemorrhage"
207,"Intraventricular haemorrhage

Intraventricular haemorrhage (IVH) is a serious neurological condition that is associated with high morbidity and mortality. The standard management of IVH includes external ventricular drainage (EVD) to relieve hydrocephalus, but recent studies have explored the use of thrombolytic agents to enhance clot clearance and improve patient outcomes."
208,"A large RCT (Clot Lysis: Evaluating Accelerated Resolution of Intraventricular Hemorrhage Phase [I-CLEAR l trial), compared EVD with intraventricular alteplase with EVD alone. The outcomes at 180 days showed that intraventricular alteplase resulted in:9eve!!

NS difference in functional outcomes of mRS 0-3 (48% vs 45%, p=0.554)

Higher rate in functional outcome of mRS 5 (17% vs. 9%, p=0.007)

Lower mortality rate (18% vs. 29%, p=0.006)

Lower incidence of ventriculitis (7% vs. 12%, p=0.048)"
209,"Lower incidence of ventriculitis (7% vs. 12%, p=0.048)

A meta-analysis of 11 trials (5 randomized controlled trials and 6 observational studies)® 'eve! ! involving 680 patients demonstrated that neuroendoscopy combined with EVD when compared to EVD + intraventricular fibrinolysis:92'eve!!

Reduced mortality (OR = 0.31; 95% CI 0.16 to 0.59)

Higher hematoma evacuation rates (>60% clearance in 88.9% vs. 29.4%, p < 0.001)

Improved functional outcomes (OR = 4.51; 95% C 2.81 to 7.72)"
210,"Improved functional outcomes (OR = 4.51; 95% C 2.81 to 7.72)

Lower ventriculoperitoneal shunt dependency (OR = 0.16; 95% CI 0.06 to 0.40)

Recommendation 19

In patients with intracerebral haemorrhage complicated with intraventricular haemorrhage and hydrocephalus, external ventricular drain should be offered

o Intraventricular fibrinolysis with alteplase may be considered

o Neuroendoscopy may be considered

Recommendation 20"
211,"o Neuroendoscopy may be considered

Recommendation 20

3 In view of potential benefit of specific neurosurgical intervention, patients with the following conditions should be referred to the neurosurgical ervice for assessment and management:

o Large and/or expanding supratentorial intracerebral haemorrhage (ICH) (>20 ml volume)

Any intraventricular extension

Posterior fossa ICH irrespective of volume 0o

o Deteriorating consciousness level and/or signs of raised intracranial pressure"
212,"o Deteriorating consciousness level and/or signs of raised intracranial pressure

o Suspicion of a vascular malformation, independent of volume or location

Refer Algorithm 2

INTENSIVE CARE

Intracranial pressure monitoring in acute ICH"
213,"Refer Algorithm 2

INTENSIVE CARE

Intracranial pressure monitoring in acute ICH

Intracranial pressure (ICP) monitoring is established by insertion of an ICP probe into the brain parenchyma or an external ventricular drain (EVD) into the ventricles. It allows close observation of the ICP trend, which garners interest in its use in acute ICH management. This is despite the associated risks of intracranial bleeding and infection."
214,There are limited numbers of studies looking at the outcomes from ICP monitoring in acute ICH 94-96. II-2 and they were either retrospective cohort in design®3eve! 2 or secondary analysis of larger trials.
215,"In a single centre cohort study compared ICP monitoring (103 patients) and non-ICP monitoring (93 patients) for ICH patients over a period of seven years, %tevel 2 the adjusted results demonstrated a more favourable distribution of extended Glasgow Outcome Scale (GOS-E) scores in the ICP-monitored group (adjusted OR [aOR] 0.54 (95% CI 0.31 to 0.93)"
216,". Subgroup analysis indicated that this favourable effect was observed in patients with Glasgow Coma Scale (GCS) scores of 9-12, but not in those with GCS scores of 3-8."
217,A large retrospective analysis of data from the Ethnic/Racial variations of Intracerebral Hemorrhage (ERICH) study between 2010 and 2015% Leve! 2 showed no significant difference in the primary outcome of 90-day mortality between the matched ICP monitoring (420 patients) and no ICP monitoring (420 patients) cohorts with an adjusted OR of 1.174 (95%Cl 0.875 to 1.575)
218,". Meanwhile a secondary analysis of the MISTIE IlI trial® eve! 2 revealed that patients with spontaneous ICH who had ICP monitors placed had significantly poorer neurological outcomes (OR=2.76, 95%CI 1.30 to 5.85) and recorded higher incidence of death (31.4% vs 21.0%)."
219,"The SYNAPSE-ICU study, a large international prospective cohort of ICU admissions for acute brain injury (traumatic brain injury, ICH, or subarachnoid haemorrhage), evaluated outcomes in spontaneous ICH patients. ICP monitoring was more frequently utilised in moderately severe cases (ICH score 3 or 4). Its use was associated with reduced in-hospital and 6-month mortality (HR=0.49, 95% CI 0.35 to 0.71), but no improvement in 6-month functional outcomes was observed.9%: Level l-2"
220,"European Stroke Organisation (ESO) and European Association of Neurosurgical Societies (EANS) 2025 guideline states that there is uncertainty about the use of invasive ICP monitoring in patients with severe acute spontaneous space-occupying ICH and recommends recruitment into RCTs for these patients.

Recommendation 21

e Intracranial pressure (ICP) monitoring in patients with acute intracerebral haemorrhage may not be routinely performed.

Ventilation and tracheostomy

Early Tracheostomy"
221,"Ventilation and tracheostomy

Early Tracheostomy

Tracheostomy is the airway procedure that is performed in prolonged ventilated patients. In the context of ICH, early tracheostomy is often considered in ICH patients with

o poor Glasgow Coma Scale (GCS)

o prolonged ventilation."
222,"o poor Glasgow Coma Scale (GCS)

o prolonged ventilation.

Tracheostomy is considered in patients with ICH, when the weaning process is difficult or extubation is not possible due to poor GCS recovery. The timing and safety of the procedure in ICH patients are still inconclusive.®"
223,"A meta-analysis of tracheostomy timing (early tracheostomy defined as <5 days and late tracheostomy as >10 days) in critically ill stroke patients included 13 studies with 17,346 patients, assessing its association with all-cause mortality and neurological outcomes (modified Rankin Scale, mRS), hospital length of stay (LOS), and intensive care unit (ICU) LOS. Among the reported cases, ICH, AlIS and SAH accounted for 83%, 12%, and 5%, respectively"
224,". Among the reported cases, ICH, AlIS and SAH accounted for 83%, 12%, and 5%, respectively. All 13 studies included were deemed to be good quality. Meta-regression analyses were performed to explore the association between tracheostomy timing and outcomes. Findings showed :9 level Il-2"
225,"Early tracheostomy conferred no mortality benefit compared with late tracheostomy (7.8% vs. 16.4%, p=0.7)

Tracheostomy timing was not associated with improved neurological outcomes. There was no association between mean mRS score and time to tracheostomy on metaregression (= 0.02,95% Cl =-0.12t0 0.16)

» Tracheostomy timing was not associated with reduced ICU LOS (8= 0.03, 95% CI = -0.76 to 0.82) or hospital LOS (8= 0.81, 95% Cl =-0.68 to 2.31)

Recommendation 22"
226,"Recommendation 22

) Early tracheostomy in patients with intracerebral haemorrhage may not be routinely performed.

Pharmacological agents for cerebral oedema"
227,"Pharmacological agents for cerebral oedema

A large cohort study, ERICH, explored the effect of hyperosmolar therapy (mannitol and hypertonic saline) on outcomes after ICH. The results showed that hyperosmolar therapy was associated with higher mRS (mean mRS was 0.33 higher, p=0.0174). Post hoc analysis revealed more brain oedema, herniation, and death at discharge in hyperosmolar therapy grou 7 level II-2

Recommendation 23"
228,"Recommendation 23

e Hyperosmolar therapy may not be routinely administered for cerebral oedema in patients with spontaneous intracerebral haemorrhage.

REHABILITATION

Neurological rehabilitation aims to empower persons with stroke by guiding functional recovery and reducing effects and complications of stroke-related impairments. Persons with stroke will undergo a comprehensive, specialised, interdisciplinary assessment after which goals are set."
229,Strategies are used to educate and enable persons with stroke to participate in activities of daily living (ADL) and previous life roles. Persons with stroke have the potential for improvement using these strategies. This is based on neuroplasticity which is the brain's ability to reorganise and form new neural connections.
230,"Following stroke, the impairments may affect physical, cognitive function, language and mood domains. Early initiation of stroke rehabilitation is important to reduce the complications and promote neuroplasticity.®

Early Rehabilitation Post-ICH

Early rehabilitation typically involves early mobilisation within 72 hours of admission to the ward.

Rehabilitation protocol needs to be individualised with complete assessment by multidisciplinary team to reduce disability and improve recovery."
231,"A systematic review involving 13 studies concluded that intensive rehabilitation initiated in the acute phase, within 24 - 72 hours after the onset of ICH, improved patients' outcomes. Most intensive rehabilitation included occupational therapy, physical therapy, kinesiotherapy, task training, ADL training and gait training. Of the 13 studies, 5 were considered of fair to good quality whilst 8 were considered poor.®"
232,"Patients generally received between 30 minutes to two hours of therapy per day for five days a week. Early initiation of rehabilitation had shown improvements in ADLs, motor function, quality of life and neurological function. Late initiation of rehabilitation can result in prolonged hospitalisation, permanent disability and increased mortality. eve!!"
233,"From the similar meta-analysis study above, results on mortality were available in approximately half of the 13 included studies and generally showed low or absent mortality. However, in a subgroup analysis of patients with ICH from the A Very Early Rehabilitation Trial (AVERT), early and intensive intervention initiated within 24 hours of stroke onset when compared to usual care was associated with an increased risk of mortality at 14 days post-stroke (OR=3.21, 95%Cl 1.13 to 9.07)"
234,". Notably, most of the primary studies included in the meta-analysis scored low on methodological quality based on the PEDro assessment.%: Level!"
235,"The CPG DG opines that early rehabilitation is beneficial to the post-ICH patients, therefore it should be offered to them.

Recommendation 24

e Early initiation of rehabilitation should be offered within 24 - 72 hours of admission for patients with intracerebral haemorrhage (ICH).

o However, very early intensive rehabilitation (<24 hours) should be avoided.

Neuropharmacological agents

Cognitive impairment is common after ICH, affecting 19-63% of patients at 6 months post- ICH. 10"
236,"Cognitive impairment is common after ICH, affecting 19-63% of patients at 6 months post- ICH. 10

Cognitive rehabilitation refers to a set of interventions that aim to improve a person's ability to perform cognitive tasks by retraining previously learned skills and teaching compensatory strategies. !"
237,"3 The mainstay of cognitive rehabilitation includes strategies to restore or compensate cognitive recovery. These are individualised tailored interventions done by occupational therapist and/or clinical psychologist.

Neuropharmacological augmentation is used as an adjunct to the above strategies."
238,"Neuropharmacological augmentation is used as an adjunct to the above strategies.

In a large RCT involving patients with vascular dementia of more than 3 months' duration, including those with recent stroke, donepezil 5 mg and 10 mg daily was shown to be more effective than placebo. At 24 weeks, both doses produced significant improvements in cognitive function measured by:02Level!"
239,"Alzheimer's Disease Assessment Scale-cognitive subscale (ADAS-cog): mean change from baseline - donepezil 5 mg: -1.90 (p = 0.001); donepezil 10 mg: -2.33 (p < 0.001)

. Mini-Mental State Examination (MMSE): mean change from baseline - donepezil 5 mg: +1.04 (p < 0.05); donepezil 10 mg: +1.49 (p < 0.001)

In an evidence-based CPG, the following medications shown in Table 5 were discussed on their effectiveness in the treatment of stroke-related cognitive impairments:3"
240,"Regarding 'Neuropharmacological agents', for 'Anti-depressants', the 'Outcome' is defined as: May be beneficial for improving learning and memory.

Regarding 'Neuropharmacological agents', for 'Piracetam', the 'Outcome' is defined as: May be beneficial for improving global cognition but not in improving aphasia-related outcomes post-stroke. Avoid in early ICH period due to antiplatelet effects.."
241,"Regarding 'Neuropharmacological agents', for 'Acetylcholinesterase inhibitors', the 'Outcome' is defined as: May be beneficial for improving naming but not for improving cognitive rehabilitation and mixed result on improving neglect.

Regarding 'Neuropharmacological agents', for 'Dopaminergic medication', the 'Outcome' is defined as: May be beneficial for improving aphasia-related outcomes post-stroke but not for improving neglect, learning and memory, and motor rehabilitation."
242,"Regarding 'Neuropharmacological agents', for 'Memantine', the 'Outcome' is defined as: beneficial for social May be improving discourse, naming, communication auditory comprehension and global speech, and language."
243,"Based on PEDro quality assessment, most of the RCTs used in the guideline scored >6. Apart from that, the various outcomes showed minimal effectiveness in the treatment of stroke-related cognitive impairment. Caution has to be exercised as the medications are used off-label setting.

Recommendation 25

Neuropharmacological augmentation may be offered to post-intracerebral haemorrhage patients during rehabilitation phase.

Muscle spasticity"
244,"Muscle spasticity

Spasticity is defined as an abnormal increase in joint rigidity, accompanied by an exaggerated, velocity-dependent rise in muscle tone. It results from hyperexcitability of the tonic stretch reflex in individuals with upper motor neuron lesions.' If not appropriately managed, spasticity can lead to pain, psychological distress, and significant functional disability."
245,"While most studies on muscle spasticity have been conducted in post-stroke population, the similarity in the underlying pathology of brain injury following stroke and traumatic ICH suggests that the effects on interventions for muscle spasticity should likewise be comparable."
246,"A structured referral framework known as the ""traffic light system"" may guide clinicians in identifying when specialist input is needed.'This system classifies post-stroke patients into low, medium, or high risk for developing spasticity.

Table 6 Risk of spasticity and referral strategies"
247,"Table 6 Risk of spasticity and referral strategies

Regarding 'Table 6 Risk of spasticity and referral strategies', for 'Low risk', the '| Referral strategies' is defined as: Patients have persistent dexterity difficulties without increased muscle tone and require monitoring every 3-6 months.

Regarding 'Table 6 Risk of spasticity and referral strategies', for 'Medium risk', the '| Referral strategies' is defined as: Patients may present with moderate muscle stiffness (Modified Ashworth."
248,"Regarding 'Table 6 Risk of spasticity and referral strategies', for 'High risk', the 'Scale [MAS] score =1) within 1-14 days post-stroke, left-sided weakness, involuntary contractions, sensory loss, visual inattention, or large brain lesions. Younger stroke patients may also fall into this category"
249,". Younger stroke patients may also fall into this category. They should be reviewed by a multidisciplinary team and referred to a spasticity specialist (e.g., Rehabilitation Physician) if symptoms persist.' is defined as: Patients often have upper limb weakness, marked dexterity impairment, pronounced stiffness in one joint (MAS =2), or moderate stiffness in two or more joints within 4-12 weeks post-stroke. These individuals require immediate referral for urgent management.."
250,"Management of post-stroke spasticity typically follows a stepwise approach:

o The initial priority is to identify and eliminate noxious stimuli

Followed by optimal positioning strategies and the use of splints

Pharmacological treatment is considered once these factors are addressed

Choice of therapy depends on the severity and distribution of spasticity, comorbidities, and cost considerations

Common noxious stimuli that can exacerbate spasticity include:

infection

pressure sores"
251,"Common noxious stimuli that can exacerbate spasticity include:

infection

pressure sores

deep vein thrombosis

bladder distension

bowel impaction

ingrown toenails

00 poorly fitting orthotics

Oral agents"
252,"bladder distension

bowel impaction

ingrown toenails

00 poorly fitting orthotics

Oral agents

Oral agents used for spasticity management include dantrolene, benzodiazepines, gabapentin, and baclofen. A systemic review of RCTs found that whilst oral muscle relaxants are effective in reducing spasticity and may improve ADL, they are associated with adverse effects such as weakness, sedation, cognitive impairment, and a lowered seizure threshold. 106 eve!!

Recommendation 26"
253,"Recommendation 26

) Oral muscle relaxants such as dantrolene, benzodiazepines, gabapentin, and baclofen should be considered to treat spasticity after intracerebral haemorrhage.

o This has to be balanced against possible adverse effects such as weakness, sedation, cognitive impairment, and a lowered seizure threshold.

Botulinum toxin (BTX) injection"
254,"Botulinum toxin (BTX) injection

Botulinum toxin (BTX), a locally administered muscle relaxant derived from Clostridium botulinum, acts by blocking neuromuscular transmission through inhibition of acetylcholine release, thereby inducing targeted muscle relaxation.'""

A meta-analysis of RCTs among stroke patients showed that BTX:

o is effective in reducing spasticity compared with placebo (MD in MAS 0.51; 95% 0.19 to 0.83)"
255,"o is effective in reducing spasticity compared with placebo (MD in MAS 0.51; 95% 0.19 to 0.83)

o facilitate functional recovery, including improvements in gait velocity (increase of 0.044 meter/second) and Fugl-Meyer Assessment score (MD=3.19; 95%CI 0.22 to 6.16)

Optimal timing is critical, with injections administered within 4 to 12 weeks after stroke demonstrating the greatest effectiveness. The overall quality of studies included were of moderate risk. 106, Levell

Recommendation 27"
256,"Recommendation 27

e Botulinum toxin injection should be considered to treat muscle spasticity after intracerebral haemorrhage

o The optimal timing for treatment is 4 to 12 weeks after stroke

Transcutaneous Electrical Nerve Stimulation (TENS)"
257,"Transcutaneous Electrical Nerve Stimulation (TENS)

High-frequency Transcutaneous Electrical Nerve Stimulation (TENS) as an adjuvant therapy has shown to reduce lower limb spasticity after stroke.'06.'evel ! |t is a low-cost, self-administered treatment with minimal side effects, making it a practical option in clinical settings."
258,"A meta-analysis of 10 RCTs including patients with chronic stroke (overall quality of studies was good) revealed that TENS, when used in conjunction with other physical therapy interventions, significantly reduced lower limb spasticity compared to placebo TENS, as measured by the Composite Spasticity Score and the Modified Ashworth Scale (SMD = -0.64; 95% CI: -0.98 to - 0.31)"
259,". Furthermore, TENS combined with other physical therapy treatments was more effective in reducing spasticity than physical therapy interventions alone (SMD = -0.83; 95% CI: -1.51 to - 0.15).No studies reported adverse effect of TENS on spasticity. 108 fevel!"
260,"Recommendation 28

e Transcutaneous Electrical Nerve Stimulation (TENS) should be considered as an adjunctive therapy for muscle spasticity after intracerebral haemorrhage."
261,"In conclusion, early detection and risk-based referral are key to preventing post-stroke spasticity from becoming disabling. A stepwise, multidisciplinary approach which include removing triggers, optimizing positioning, and using targeted treatments like early botulinum toxin A offers the best chance for preserving function and quality of life.

Neuroprotection in ICH"
262,"Neuroprotection in ICH

Brain tissue injury following ICH is a complex process characterised by two main phases: primary and secondary injury. Primary Injury involves direct mechanical damage to surrounding brain tissue due to haematoma expansion and associated oedema. Secondary injury involves a multifaceted mechanism contributing to neuronal damage and worsening patient outcomes.'%"
263,"Mechanisms include microglial activation, thrombin-mediated toxicity, red blood cell lysis and subsequent release of cytotoxic haemoglobin, iron, and heme. Iron and heme are particularly damaging as they drive the generation of reactive oxygen species. This oxidative stress, in turn, culminates in neuroinflammation, blood-brain barrier breakdown, vasogenic oedema, and ultimately, apoptosis of neurons and glia"
264,. Neuroprotective agents aim to ameliorate one or more of these mechanisms of brain injury. Several neuroprotective agents are described as follows:
265,"Deferoxamine

In a multicentre, double-blind, phase-2 RCT, adults with primary supratentorial ICH randomised within 24 h to Deferoxamine (DFO) 32 mg/kg IV over 8 h daily for 3 days vs placebo showed no difference in the primary outcome (MRS 0-2 at day 90, 34% DFO vs 33% placebo). Ninety-day SAEs (27% vs 33%) and mortality (7% vs 7%) were similar.0. Level!"
266,"The European Stroke Organisation (ESO) and European Association of Neurosurgical Societies (EANS) 2025 guideline recommend against the use of deferoxamine in ICH due to lack of benefit on death and functional outcome.*

Intravenous Magnesium Sulphate (MgS0O4)

A meta-analysis of randomised controlled trials evaluated the use of intravenous magnesium sulphate (MgSO,) versus placebo/standard care in acute stroke, including a relevant subset of patients with ICH. ™"" Level 1"
267,". Functional outcomes: No significant benefit of intravenous MgSO, compared with placebo/standard care (Barthel Index >60 at 90 days; OR=1.05; 95% C, 0.92 to 1.19).

. Mortality at 90 days: No reduction with MgSO, (OR=1.10; 95% CI, 0.94 to 1.29).

Overall, the studies included in the meta-analysis were of good quality based on Cochrane Risk of Bias tool

Vitamin D"
268,"Vitamin D

A systematic review explored the effect of various dose regimens of vitamin D supplementation on functional outcomes after stroke reported a low level of evidence primarily due to a high risk of bias and imprecision across the included studies. As such, authors concluded that there was insufficient evidence to recommend the routine use of vitamin D supplementation in patients with intracerebral haemorrhage (ICH).?"
269,"See Appendix 7 for a non-exhaustive list of research of neuroprotective agents. Based on current available evidence, there is no proven neuroprotective agent that improves the outcome of patients with ICH.

See Appendix 7 for a non-exhaustive list of research of neuroprotective agents.

Recommendation 29

Neuroprotective agents should not be routinely given to patients with intracerebral haemorrhage.

SECONDARY PREVENTION

Blood pressure control"
270,"SECONDARY PREVENTION

Blood pressure control

Hypertension is a major risk factor for ICH, especially for those caused by hypertensive angiopathy. Therefore, blood pressure control after ICH is aimed at reducing stroke recurrence. Evidence for blood pressure control is provided by secondary analysis of one RCT and observational studies."
271,"The PROGRESS trial is a large RCT that explored the benefit of blood pressure control amongst patients with previous stroke in reducing stroke recurrences. The study included 6105 patients (including 660 with ICH) who either received perindopril alone or in combination with indapamide, or placebo) achieving an average blood pressure reduction of 9/4 mmHg. Amongst patients with prior ICH, perindopril-based BP lowering:

o Reduced the risk of recurrent stroke by 50% (95% CI, 26% to 67%)"
272,"o Reduced the risk of recurrent stroke by 50% (95% CI, 26% to 67%)

o comparable effects were observed in ICH related to amyloid angiopathy (RRR=77%; 95% Cl, 19% to 93%) and those to hypertension (RRR=46%; Cl 95%, 4% to 69%).113114 level |

Recommendation 30

e Long term strict BP lowering therapy should be initiated and maintained as a key secondary prevention management among intracerebral haemorrhage survivors

o Systolic BP <130 mm Hg and diastolic BP <80 mm Hg should be aimed"
273,"o Systolic BP <130 mm Hg and diastolic BP <80 mm Hg should be aimed

o A combination of angiotensin converting enzyme inhibitor and thiazide diuretic may be considered as antihypertensive agents of choice.

Resumption of anti-thrombotic agent"
274,"Resumption of anti-thrombotic agent

Patients with ICH often have co-morbidities e.g. ischaemic stroke, ischaemic heart disease or atrial fibrillation where anti-thrombotic agent of either anti-platelet therapy or anti-coagulant is indicated to prevent thromboembolic events. However, treatment with such agent may increase the risk of recurrent ICH, thus presenting a clinical dilemma of whether and when to resume antithrombotic agent after ICH."""
275,"Resumption of anticoagulant in patients with atrial fibrillation (AF)

A meta-analysis of two RCTs and 18 cohort studies looked into the effectiveness and safety of oral anti-coagulation (OAC) in adults with AF who had survived a non-traumatic spontaneous ICH or had cerebral microbleeds. The results were:116. level!"
276,"risk of thromboembolic events reduced in OAC vs no OAC (RR=0.51 95% CI 0.30 to 0.86) and non-vitamin K antagonist oral anti-coagulant (NOAC) vs warfarin (RR=0.65 95% CI 0.44 to 0.97)

risk of recurrent ICH reduced in NOAC vs warfarin (RR=0.52 95% CI 0.40 to 0.67); however, there was NS reduction in risk between OAC vs no therapy

risk of all-cause mortality reduced in OAC vs no therapy (RR=0.52 95% CI 0.38 to 0.71) and NOAC vs warfarin (RR=0.55 95% CI 0.41 to 0.74)"
277,The quality of primary papers was moderate.
278,"The optimal timing for resuming anti-thrombotic therapy has not been systematically studied, therefore treatment should be individualised to the patient. AHA/ASA 2022 Guideline recommends that in patients with AF and spontaneous ICH in whom the decision is made to restart anti-coagulation, initiation of anti-coagulation at about 7 - 8 weeks after ICH may be considered after weighing specific patient characteristics to optimise the balance of risks and benefits"
279,". European Stroke Organisation Guideline 2014 suggests a time window of not earlier than 14 days up to 10 - 30 weeks for restarting anti-thrombotic after ICH."""
280,"Recommendation 31

e In patients with intracerebral haemorrhage (ICH) and concomitant non-valvular atrial fibrillation, resumption of an oral anti-coagulant (OAC) may be considered.

o Non-vitamin K antagonist OAC is preferred to warfarin.

o Timing of resumption after ICH should be individualised based on patient's bleeding and thrombotic risks, preferably not earlier than two weeks.

Resumption of warfarin in patients with valve replacement"
281,"Based on a multicentre cohort study of patients with mechanical heart valve at high risk of thromboembolism, resuming therapeutic anti-coagulation, which include warfarin, within 13 days after ICH was associated with high risk of haemorrhagic complications (HR=7.06, 95% CI 2.33 to 21.37). The risk of haemorrhagic and thromboembolic events was high before day 6 post-ICH (HR=2.51, 95% CI 1.10 to 5.70)"
282,". Therefore, for patients at high thromboembolic risk, it is safe to restart therapeutic anti-coagulation after day 6. 'evel 2 Regardless of the timing, ensure vigilant monitoring for both bleeding and thromboembolic complications upon resumption of anti- coagulation therapy."
283,"Risk of composite outcome (haemorrhagic and thromboembolic events) is high within six days of ICH occurrence. Thus, it is advisable to withhold anti-coagulant within that period.

Recommendation 32

e In patients with intracerebral haemorrhage (ICH) and mechanical heart valve requiring anti-coagulant, the earliest timing for resumption of anti-coagulant should be at least six days after ICH."
284,"o Ensure vigilant monitoring for both bleeding and thromboembolic complication upon resumption of the therapy.

Resumption of anti-platelet therapy"
285,"The RESTART (REstart or STop Anti-thrombotics Randomised Trial) looked into the resumption of anti-platelet therapy after an ICH. The trial found that resuming anti-platelet therapy did not significantly increase the risk of recurrent symptomatic ICH compared with avoiding anti-platelet therapy (8.2% vs 9.3%; HR=0.87, 95% CI 0.49 to 1.55)"
286,". There was NS reduction in major vascular events (including ischemic stroke and myocardial infarction) between the two groups (26.8% vs 32.5%; HR=0.79, 95% CI 0.58 to 1.08).°"
287,"The AHA/ASA 2022 Guideline recommends that resumption of anti-platelet therapy may be reasonable for patients with spontaneous ICH who are indicated for anti-platelet therapy to prevent thromboembolic events based on risk and benefit analysis.?

Recommendation 33

e For patients with a history of intracerebral haemorrhage (ICH) who require anti-platelet therapy for secondary prevention of vascular events, resuming therapy may be considered based on individual risk assessment."
288,"o Any signs of recurrent bleeding or other complications should be closely monitored on the resumption of therapy.

Statins"
289,"A large meta-analysis of 31 RCTs showed no association between statin therapy and occurrence of ICH (OR=1.08, 95% CI 0.88 to 1.32).20. level However, there was no report on the quality assessment of the primary studies. On contrary, in a community-based Atherosclerosis Risk in Communities (ARIC) cohort study in USA, the risk of ICH was strongly lower in statin users than non-statin users (HR=0.21, 95% CI 0.10 to 0.45)"
290,". The study also showed that statin use was not associated with any cerebral microbleeds (CMBs), lobar CMB, subcortical CMB and dp level I-2"
291,"In a 10-year nationwide cohort study in Taiwan, hydrophilic solubility statins (pravastatin and rosuvastatin) had lower risk of recurrent ICH than lipophilic solubility statins (atorvastatin, cerivastatin, fluvastatin, lovastatin and simvastatin) with HR of 0.69 (95% CI 0.48 to 0.99)"
292,". Analysis on three intensity of the statins showed NS differences in the recurrence of ICH.22 level 2 However, in a more recent and larger population-based retrospective cohort study, compared with those on average atorvastatin equivalent daily dose (AAEDD) <10 mg/d, the HR for ICH was 0.68 (95% C 0.58 to 0.79) in those with AAEDD 10 - 19.9 mg/d and 0.62 (95% CI 0.47 to 0.81) in those with AAEDD 220 mg/d. 123 level-2"
293,"Recommendation 34

e Statin may be used to reduce cardiovascular risk in patients with intracerebral haemorrhage.

o Hydrophilic solubility statins are the preferred choice.

ICH IN THE ELDERLY POPULATION

Assessment of frailty in older persons with ICH"
294,"ICH IN THE ELDERLY POPULATION

Assessment of frailty in older persons with ICH

Frailty is defined as a complex age-related decline in physiological reserves across different organ systems, resulting in increased vulnerability to stressors and poorer outcomes such as hospitalization, iatrogenic events and death.' Pre-morbid frailty is associated with mortality and poorer functional outcomes after a spontaneous ICH'?® and also after neurosurgical intervention post-spontaneous ICH.?"
295,"Frailty measures in use at present include:

frailty phenotype measures based on clinical or physical assessments

frailty indexes based on numerous parameters entered into a validated measure to generate a frailty index"
296,"The Clinical Frailty Scale (CFS) version 2 (2020) is a frailty scale for older persons that is user- friendly in daily clinical practice. Frailty status can be determined by a history of ability to perform ADLs and a physical examination.'?"" It ranges from CFS 1 (very fit) to CFS 8 (very severely frail). It is important that the CFS is not used solely on its own to decide on treatment plans but to also consider the severity of other co-morbidities and physical attributes including body weight."
297,"Pre-morbid frailty should be assessed in every older person admitted with an ICH when formulating an individualised treatment plan.'?4'28 |t should involve a multidisciplinary team that includes doctor, nurse, physiotherapist, occupational therapist, speech and language therapist, dietitian, medical social worker and pharmacist, where available and required.

Recommendation 35"
298,"Recommendation 35

e All older persons admitted with an intracerebral haemorrhage (ICH) should have their pre- morbid fitness/frailty status assessed.

e The frailty level of a person with ICH should be considered when formulating an individualised treatment plan with the multidisciplinary team.

Assessment for delirium in older persons with acute ICH"
299,"Assessment for delirium in older persons with acute ICH

Delirium is characterised by a disturbance in attention, cognition and awareness that developed over a relatively short period of time (hours to days) secondary to an acute illness/event.'?

Causes of delirium are:

haematoma expansion o

perihaematomal oedema o

infection o

discomfort (pain, itch, room temperature etc.) o

constipation o

e hunger/hypoglycaemia

urinary retention etc."
300,"constipation o

e hunger/hypoglycaemia

urinary retention etc.

Patients with delirium post-ICH in an ICU have been found to have longer length of stay, poorer outcomes and quality of life.® There are also additional challenges in rehabilitation and carer training in the setting of delirium.

Delirium assessment tools included the Confusion Assessment Method (CAM)'3!, Confusion Assessment Method for the Intensive Care Unit (CAM-ICU)'3? and 4AT. It is recommended"
301,"that delirium be routinely assessed for in every ICH patient at every clinical encounter. Management of delirium should include treatment of underlying causes as listed above.

Non-pharmacological treatment includes:

re-orientation

avoiding multiple moves of ward bed

a quiet environment

familiar staff or carers"
302,"avoiding multiple moves of ward bed

a quiet environment

familiar staff or carers

Pharmacological management with antipsychotics and sedatives are reserved for those with severe delirium and agitation that is distressing, affecting ability to receive treatment and possibly endanger to themselves and others. Adverse effects (AEs) of pharmacological treatment includes oversedation, extra-pyramidal side effects, cardiac arrhythmias with prolongation of QT interval and risk of falls."
303,"Recommendation 36

e Assessment for delirium should be performed in patients with intracerebral haemorrhage.

e Underlying causes of deliium should be treated and management can include pharmacological and non-pharmacological methods.

Treatment of blood pressure in secondary prevention of ICH in older persons"
304,"Treatment of blood pressure in secondary prevention of ICH in older persons

An older person who recovered well from an ICH, is ambulant and fit may follow the conventional blood pressure targets for secondary prevention of ICH. However, frailer older persons may not tolerate very tight blood pressure targets.'*

Every older person (not only frail) on treatment for hypertension should be assessed for:"
305,"Every older person (not only frail) on treatment for hypertension should be assessed for:

symptoms of postural hypotension which include unsteadiness, dizziness on getting up, falls and syncope

drop in SBP >20 mmHg and/or DBP >10 mmHg'3

Adjustment of dosage and change of medications should be done if there is presence of AEs of overtreatment of hypertension.

Recommendation 37"
306,"Recommendation 37

The conventional blood pressure treatment target after intracerebral haemorrhage may not be strictly applied to frail older persons.

All older persons on treatment for hypertension should be assessed for signs and symptoms of overtreatment.

Adjustment of dosage and change of medications should be done in the presence of adverse events due to overtreatment of hypertension.

Management of polypharmacy in older persons with ICH"
307,"Management of polypharmacy in older persons with ICH

Polypharmacy is common in older persons with multiple comorbidities. Appropriate polypharmacy can help prolong disability free life and improve quality of life. Inappropriate polypharmacy may result in AEs drug-drug interactions and drug-disease interactions. A medication review should be performed in older persons with ICH."
308,"When prescribing medications for the complex older person with ICH, adherence and compliance can be improved with once a day medications where possible. The older person's understanding of their medications and ability to take their own medications should be assessed"
309,"If required, carer training should be done to assist the older person. An older person with dementia will require supervision from carers for their medications. An older person's swallow function should be considered when prescribing as some medications should not be crushed and administered via nasogastric or percutaneous endoscopic gastrostomy tube."
310,"Drug-drug interactions can be checked by the pharmacist or using online drug interaction checkers together with clinical judgement. Drug-disease interactions should be checked for, with examples such as worsening of delirium and cognition with tramadol/morphine in persons with pre-existing dementia.

Recommendation 38

e Polypharmacy in older persons with intracerebral haemorrhage should be managed with:

o medication review"
311,"o medication review

o involvement of carer in persons with dementia or other difficulties

o deprescribing (stopping/reducing the dosage of medications) where required

Assessment of falls and fracture risk in older persons with ICH"
312,"Assessment of falls and fracture risk in older persons with ICH

A person with neurological deficits post-ICH can be at risk of falls and fracture. Other risks of falls and fractures in them include osteoporosis, malnutrition, sarcopenia, dementia, environmental hazards, polypharmacy and unsteady gait. The following guidelines may be referred to for management of falls and fracture:"
313,"European position paper on polypharmacy and fall-risk-increasing drugs recommendations in the World Guidelines for Falls Prevention and Management: implications and implementation 2023136

Falls Guideline for hospitalised older adults in the Ministry of Health. Ministry of Health Malaysia, 201937

Clinical Practice Guidelines - Management of Osteoporosis 3rd Edition. Ministry of Health Malaysia, 2022138

Recommendation 39"
314,"Recommendation 39

An older person with intracerebral haemorrhage who is ambulant should be assessed for falls and fracture risk by a multidisciplinary team including doctors, nurses, physiotherapists, occupational therapists, and pharmacists.

Osteoporosis should be screened for with:

o blood tests - renal profile, serum calcium, vitamin D, bone turnover markers

o bone mineral densitometry scan (DEXA)"
315,"o bone mineral densitometry scan (DEXA)

Patients with osteoporosis should be treated according to the Malaysian Osteoporosis Guideline.

IMPLEMENTING THE GUIDELINE

The management of ICH should be guided by an evidence-based approach, in order to provide quality care to the patients. Several factors may affect the implementation of recommendations in the CPG.

Facilitators and Barriers

Several existing factors may help to facilitate the implementation of the CPG recommendations:"
316,"Several existing factors may help to facilitate the implementation of the CPG recommendations:

e Increasing public awareness of stroke

Increasing numbers of hospitals that provide round-the-clock acute stroke reperfusion service (""stroke call"") in a timely manner

Ongoing efforts by many hospitals to obtain World Stroke Organisation certification as advanced stroke centres and therefore a push for improving care quality."
317,"The National Stroke Registry records data on care quality for stroke, with an emphasis on acute reperfusion therapies.

Robust professional and public societies in promoting stroke, including Malaysian Stroke Council/Malaysian Society of Neurosciences, Malaysian Stroke Academy, Neurosurgical Association of Malaysia, National Stroke Association of Malaysia , ANGELs initiative, World Stroke Organisation etc."
318,"Multi-disciplinary efforts to improve care quality in intracerebral haemorrhage, orchestrated by Ministry of Health, Ministry of Higher Education Hospitals and private hospitals.

Most of the resources needed for implementation are already available.

Barriers to implementation of recommendations include:

Therapeutic nihilism amongst health care professionals due to severe nature of ICH and for a long-time lack of effective treatment. Effective treatments are now available."
319,Fragmented system of care where the primary team for ICH patients differ between hospitals and sometimes differ between patients leading to lack of standardisation of care process.
320,"Although a stroke call is available in stroke ready hospital with the intention to diagnosed ischaemic stroke and offer reperfusion therapy, ICH code is not. Stroke calls are often terminated when ICH is diagnosed leading to less attention and less timely care. Certain treatments in ICH such as blood pressure reduction and anticoagulation reversal are in fact needed more urgently than treatment of acute ischaemic stroke."
321,"Similarly, although CT angiography is now routinely performed in acute stroke to diagnose large vessel occlusion in ischaemic stroke, CT angiography is often deferred or not offered upon diagnosis of ICH on non-contrasted CT brain

There is a lack of registry-based implementation of key performance indicators, including in the National Stroke Registry."
322,"Certain resources are not readily available in all hospitals, namely PCC, idarucizumab, andexanet alfa for anticoagulation reversal, devices for minimally invasive surgery, adequate number of stroke unit beds and IPC for DVT prophylaxis.

Potential Resource Implication

The recommendations in this CPG require additional resources in terms of funds, healthcare infrastructures and human resources/expertise for their successful implementation as discussed below."
323,Implementation of the care bundle requires hospital-level coordination of service and training of all health care providers. Continuing training programmes for healthcare providers are needed to ensure they are equipped with the latest knowledge and skills in ICH management. Additional health care provider may need to be assigned to ensure timely delivery of care bundle. Improving the care of ICH patients requires designation of an organised stroke care unit
324,". Improving the care of ICH patients requires designation of an organised stroke care unit. This may require additional infrastructure or reorganisation of existing hospital beds. Furthermore, IPC will be required for DVT prophylaxis. Whilst only a small proportion of patients with ICH were on anticoagulant, reversal agents such as PCC and idarucizumab are considerably more costly than FFP which is most commonly used currently."
325,The CPG made recommendations for referral to neurosurgical services and conditions where neurosurgery may be beneficial. Equipment for minimally invasive surgery may not be already available in many hospitals. The cost vs benefit of acquiring new equipment and training of operators will need to be further deliberated.
326,"Whilst there are resource implications in implementing the above-mentioned recommendations, some recommendations may indeed be cost-saving whilst ensuring high-quality care. Implementation of care bundle, admission to an organised stroke care unit, swallowing assessments and DVT prophylaxis prevents complications, reduce hospital length of stay and readmission as well as improves functional outcome"
327,". The CPG recommendations of avoiding primary prophylaxis with antiseizure medication, use of TED stoking, hyperosmolar therapy etc reduce unnecessary spending on ineffective treatments. Recommendations on indications for neurosurgical referrals avoid unnecessary referrals and reduce the burden of neurosurgical services."
328,"In conclusion, a majority of the CPG recommendations can be achieved with reorganisation of existing resources.

Proposed clinical audit indicators

The DG proposed a clinical audit indicator as follows:

Percentage of = Number of ICH patients presenting within 6 treatment with ICH hours with care bundle X 100% care bundle Total number of ICH patients presenting within 6 hours

Target=70%

Implementation and Monitoring Framework

Diminion will utilise multi-tiered strategies:"
329,"Implementation and Monitoring Framework

Diminion will utilise multi-tiered strategies:

(1) electronic dissemination via myMaHTAS and Academy of Medicine,

(ii) state-level Training of Trainers (TOT) for clinicians and allied health professionals, and

(ii) integration of audit indicators into hospital quality improvement systems"
330,"(ii) integration of audit indicators into hospital quality improvement systems

======================================================================
ALGORITHM 1
Neuroimaging for Intracerebral Haemorrhage (ICH)
======================================================================"
331,"Source:
Structured representation of the clinical decision algorithm derived
from the Malaysia Intracerebral Haemorrhage Clinical Practice Guideline.
The content was generated with vision-language assistance and manually
verified against the original guideline.

----------------------------------------------------------------------
Step 1
----------------------------------------------------------------------

Action:
Perform an emergency non-contrast CT Brain or MRI Brain."
332,"Action:
Perform an emergency non-contrast CT Brain or MRI Brain.

----------------------------------------------------------------------
Step 2
----------------------------------------------------------------------

Decision:
Is acute intracerebral haemorrhage (ICH) confirmed?

If YES:
- Proceed to Step 3.

If NO:
- Manage according to the relevant non-ICH stroke pathway.
- End pathway."
333,"If NO:
- Manage according to the relevant non-ICH stroke pathway.
- End pathway.

----------------------------------------------------------------------
Step 3
----------------------------------------------------------------------

Decision:
Are there features suggestive of a macrovascular cause?

Assess for one or more of the following:"
334,"Assess for one or more of the following:

- Lobar location
- Posterior fossa location
- Age <45 years
- Absence of cerebral small vessel disease
- Absence of hypertension
- Concomitant subarachnoid haemorrhage (SAH)
- High clinical suspicion

If YES:
- Proceed to Step 4.

If NO:
- Continue standard medical management.
- End pathway.

----------------------------------------------------------------------
Step 4
----------------------------------------------------------------------"
335,"Decision:
Does the patient have severe comorbidities or a non-survivable condition?

If YES:
- Continue conservative management.
- End pathway.

If NO:
- Proceed to Step 5.

----------------------------------------------------------------------
Step 5
----------------------------------------------------------------------

Action:
Perform vascular imaging.

Primary investigation:
- CT Angiography (CTA)"
336,"Action:
Perform vascular imaging.

Primary investigation:
- CT Angiography (CTA)

Alternative investigation:
- MR Angiography (MRA) for patients with contrast allergy or severe renal impairment.

----------------------------------------------------------------------
Step 6
----------------------------------------------------------------------

Decision:
Does CTA or MRA identify a macrovascular lesion?"
337,"Decision:
Does CTA or MRA identify a macrovascular lesion?

Examples include:
- Arteriovenous malformation (AVM)
- Aneurysm
- Dural arteriovenous fistula (dAVF)
- Cerebral venous thrombosis (CVT)

If YES:
- Refer urgently to an Interventional Neuroradiologist or Neurosurgeon.
- Perform Digital Subtraction Angiography (DSA).
- Proceed with appropriate targeted intervention.

If NO:
- Proceed to Step 7."
338,"If NO:
- Proceed to Step 7.

----------------------------------------------------------------------
Step 7
----------------------------------------------------------------------

Decision:
Is there persistent clinical suspicion of a macrovascular lesion despite a negative CTA/MRA?

If YES:
- Refer for Digital Subtraction Angiography (DSA).

If NO:
- Proceed to Step 8."
339,"If YES:
- Refer for Digital Subtraction Angiography (DSA).

If NO:
- Proceed to Step 8.

----------------------------------------------------------------------
Step 8
----------------------------------------------------------------------

Action:
Perform Brain MRI (if not previously performed).

Evaluate for:
- Cerebral amyloid angiopathy
- Deep perforating vasculopathy
- Cavernoma
- Brain tumour
- Other non-macrovascular causes

Decision:
Is a structural cause identified?"
340,"Decision:
Is a structural cause identified?

If YES:
- Treat the identified underlying cause.

If NO:
- Continue standard medical management.
- Repeat imaging when clinically indicated.

======================================================================
END OF ALGORITHM 1
======================================================================"
341,"======================================================================
ALGORITHM 2
Neurosurgical Management for Intracerebral Haemorrhage (ICH)
======================================================================

Source:
Structured representation of the clinical decision algorithm derived
from the Malaysia Intracerebral Haemorrhage Clinical Practice Guideline.
The content was generated with vision-language assistance and manually
verified against the original guideline."
342,"----------------------------------------------------------------------
Step 1
----------------------------------------------------------------------

Decision:
Does the patient meet any criteria for urgent neurosurgical referral?

Referral criteria include:

- Supratentorial ICH >20 mL
- Intraventricular extension (IVH)
- Posterior fossa ICH (any volume)
- Deteriorating level of consciousness
- Signs of raised intracranial pressure (ICP)
- Suspicion of an underlying vascular malformation"
343,"If YES:
- Refer urgently to Neurosurgery.
- Proceed to Step 2.

If NO:
- Continue medical management in the stroke unit.
- End pathway.

----------------------------------------------------------------------
Step 2
----------------------------------------------------------------------

Decision:
Determine the anatomical location of the haemorrhage.

Possible locations:"
344,"Decision:
Determine the anatomical location of the haemorrhage.

Possible locations:

- Posterior fossa (Cerebellar ICH)
- Supratentorial lobar ICH
- Supratentorial deep ICH (Basal Ganglia / Thalamus)
- Intraventricular haemorrhage (IVH) with hydrocephalus

Proceed to the corresponding management pathway.

----------------------------------------------------------------------
Step 3A
Posterior Fossa (Cerebellar) ICH
----------------------------------------------------------------------"
345,"Decision:
Is the haematoma volume ≥15 mL?

If YES:
- Perform haematoma evacuation.
- Consider External Ventricular Drainage (EVD) when indicated.

If NO:

Decision:
Is hydrocephalus or IVH present?

If YES:
- Insert External Ventricular Drain (EVD).

If NO:
- Continue conservative medical management.
- Perform close neurological monitoring."
346,"If NO:
- Continue conservative medical management.
- Perform close neurological monitoring.

----------------------------------------------------------------------
Step 3B
Supratentorial Lobar ICH
----------------------------------------------------------------------

Decision:
Does the patient meet all of the following criteria?

- Haematoma volume between 30–80 mL
- Glasgow Coma Scale (GCS) score between 5 and 12
- Presentation within 24 hours of symptom onset"
347,"If YES:
- Perform Minimally Invasive Surgery (MIS).

If NO:

Decision:
Does the patient have any of the following?

- Haematoma volume >80 mL
- Presentation >24 hours after onset
- Clinical deterioration with significant mass effect

If YES:
- Perform Open Craniotomy and Haematoma Evacuation as a life-saving measure.

If NO:
- Continue medical management."
348,"If NO:
- Continue medical management.

----------------------------------------------------------------------
Step 3C
Supratentorial Deep ICH
----------------------------------------------------------------------

Decision:
Is there a severe or large deep ICH associated with:

- Mass effect
- Midline shift
- Deteriorating Glasgow Coma Scale (GCS)

If YES:
- Consider Decompressive Craniectomy (DC) with or without Haematoma Evacuation as a life-saving measure."
349,"If NO:
- Continue medical management.

----------------------------------------------------------------------
Step 3D
Intraventricular Haemorrhage (IVH) with Hydrocephalus
----------------------------------------------------------------------

Action:
Perform External Ventricular Drainage (EVD).

Additional management options:

- Consider Intraventricular Fibrinolysis (Alteplase)
- Consider Neuroendoscopy"
350,"- Consider Intraventricular Fibrinolysis (Alteplase)
- Consider Neuroendoscopy

Selection should be based on institutional protocol and the patient's clinical condition.

======================================================================
END OF ALGORITHM 2
======================================================================"
